,id_x,RA_x,DEC_x,pos_err,DET_ML_F,rate_F,rate_F_err,flux_F,flux_F_err,snr_F,exptime_F,cts_ap_F,cts_ap_F_err,DET_ML_S,rate_S,rate_S_err,flux_S,flux_S_err,snr_S,exptime_S,cts_ap_S,cts_ap_S_err,DET_ML_H,rate_H,rate_H_err,flux_H,flux_H_err,snr_H,exptime_H,cts_ap_H,cts_ap_H_err,HR,HR_lo_lim,HR_up_lim,ra,dec,gfits,rfits,ifits,zfits,yfits
1,b'cid_1112 ',150.39505901200002,1.97698386908,0.198,339.78,0.00085699995,6.620000000000001e-05,1.4099999e-14,1.09e-15,12.94,184.63,151.27,16.13,248.29,0.000556,4.64e-05,3.85e-15,3.21e-16,11.98,175.65,92.58,12.71,113.94,0.000321,3.72e-05,9.8e-15,1.1399999000000002e-15,8.62,187.13,57.44,10.1,-0.27,-0.36,-0.18,150.39505901200002,1.97698386908,/Users/linaflorez/Desktop/ObsCos/COSMOS_research/Restart/FITS_FILES/150.39505901200002/cutout-HSC-G-9813-pdr2_dud-200225-055629.fits,/Users/linaflorez/Desktop/ObsCos/COSMOS_research/Restart/FITS_FILES/150.39505901200002/cutout-HSC-R-9813-pdr2_dud-200225-055641.fits,/Users/linaflorez/Desktop/ObsCos/COSMOS_research/Restart/FITS_FILES/150.39505901200002/cutout-HSC-I-9813-pdr2_dud-200225-055650.fits,/Users/linaflorez/Desktop/ObsCos/COSMOS_research/Restart/FITS_FILES/150.39505901200002/cutout-HSC-Y-9813-pdr2_dud-200225-055709.fits,/Users/linaflorez/Desktop/ObsCos/COSMOS_research/Restart/FITS_FILES/150.39505901200002/cutout-HSC-Z-9813-pdr2_dud-200225-055659.fits
6,b'cid_1147 ',150.0077700096,2.149298189,0.246,25.84,0.00021199998,4.2800002e-05,3.3299999999999997e-15,6.72e-16,4.96,178.89,37.41,8.23,10.88,9.09e-05,2.6400001e-05,5.7600003e-16,1.67e-16,3.44,169.7,15.71,5.5,12.15,0.000120000004,3.44e-05,3.65e-15,1.0499999000000001e-15,3.5,181.85,22.07,6.43,0.04,-0.23,0.32,150.0077700096,2.149298189,/Users/linaflorez/Desktop/ObsCos/COSMOS_research/Restart/FITS_FILES/150.0077700096/cutout-HSC-G-9813-pdr2_dud-200225-060424.fits,/Users/linaflorez/Desktop/ObsCos/COSMOS_research/Restart/FITS_FILES/150.0077700096/cutout-HSC-R-9813-pdr2_dud-200225-060432.fits,/Users/linaflorez/Desktop/ObsCos/COSMOS_research/Restart/FITS_FILES/150.0077700096/cutout-HSC-I-9813-pdr2_dud-200225-060440.fits,/Users/linaflorez/Desktop/ObsCos/COSMOS_research/Restart/FITS_FILES/150.0077700096/cutout-HSC-Y-9813-pdr2_dud-200225-060455.fits,/Users/linaflorez/Desktop/ObsCos/COSMOS_research/Restart/FITS_FILES/150.0077700096/cutout-HSC-Z-9813-pdr2_dud-200225-060448.fits
7,b'cid_1149 ',150.02410995719998,2.2447951247,0.612,10.74,6.87e-05,4.03e-05,1.08e-15,6.33e-16,1.71,171.49,11.0,4.69,-99.0,4.8600003e-05,-99.0,3.0800000000000003e-16,-99.0,0.0,-99.0,-99.0,-99.0,11.9,6.27e-05,3.64e-05,1.9100000000000007e-15,1.1099999999999999e-15,1.72,172.97,10.35,4.57,-99.0,0.82,-99.0,150.02410995719998,2.2447951247,/Users/linaflorez/Desktop/ObsCos/COSMOS_research/Restart/FITS_FILES/150.02410995719998/cutout-HSC-G-9813-pdr2_dud-200225-060542.fits,/Users/linaflorez/Desktop/ObsCos/COSMOS_research/Restart/FITS_FILES/150.02410995719998/cutout-HSC-R-9813-pdr2_dud-200225-060551.fits,/Users/linaflorez/Desktop/ObsCos/COSMOS_research/Restart/FITS_FILES/150.02410995719998/cutout-HSC-I-9813-pdr2_dud-200225-060600.fits,/Users/linaflorez/Desktop/ObsCos/COSMOS_research/Restart/FITS_FILES/150.02410995719998/cutout-HSC-Y-9813-pdr2_dud-200225-060614.fits,/Users/linaflorez/Desktop/ObsCos/COSMOS_research/Restart/FITS_FILES/150.02410995719998/cutout-HSC-Z-9813-pdr2_dud-200225-060607.fits
8,b'cid_11566',150.40499877929688,2.278424,0.953,-99.0,0.000353,-99.0,5.54e-15,-99.0,0.0,-99.0,-99.0,-99.0,15.33,7.01e-05,2.55e-05,4.44e-16,1.6200000000000002e-16,2.75,165.05,12.25,4.92,-99.0,6.42e-05,-99.0,1.95e-15,-99.0,0.0,-99.0,-99.0,-99.0,-99.0,-99.0,-0.59,150.40499877929702,2.2784240000000002,/Users/linaflorez/Desktop/ObsCos/COSMOS_research/Restart/FITS_FILES/150.40499877929702/cutout-HSC-G-9813-pdr2_dud-200225-060709.fits,/Users/linaflorez/Desktop/ObsCos/COSMOS_research/Restart/FITS_FILES/150.40499877929702/cutout-HSC-R-9813-pdr2_dud-200225-060718.fits,/Users/linaflorez/Desktop/ObsCos/COSMOS_research/Restart/FITS_FILES/150.40499877929702/cutout-HSC-I-9813-pdr2_dud-200225-060726.fits,/Users/linaflorez/Desktop/ObsCos/COSMOS_research/Restart/FITS_FILES/150.40499877929702/cutout-HSC-Y-9813-pdr2_dud-200225-060742.fits,/Users/linaflorez/Desktop/ObsCos/COSMOS_research/Restart/FITS_FILES/150.40499877929702/cutout-HSC-Z-9813-pdr2_dud-200225-060734.fits
9,b'cid_11633',149.89700317382812,2.323927,1.861,-99.0,0.0007769999999999999,-99.0,1.22e-14,-99.0,0.0,-99.0,-99.0,-99.0,14.61,0.00010499999,3.3100000000000005e-05,6.66e-16,2.1e-16,3.19,168.45,16.89,5.69,-99.0,0.00022100001,-99.0,6.72e-15,-99.0,0.0,-99.0,-99.0,-99.0,-99.0,-99.0,-0.77,149.89700317382798,2.323927,/Users/linaflorez/Desktop/ObsCos/COSMOS_research/Restart/FITS_FILES/149.89700317382798/cutout-HSC-G-9813-pdr2_dud-200225-060839.fits,/Users/linaflorez/Desktop/ObsCos/COSMOS_research/Restart/FITS_FILES/149.89700317382798/cutout-HSC-R-9813-pdr2_dud-200225-060847.fits,/Users/linaflorez/Desktop/ObsCos/COSMOS_research/Restart/FITS_FILES/149.89700317382798/cutout-HSC-I-9813-pdr2_dud-200225-060857.fits,/Users/linaflorez/Desktop/ObsCos/COSMOS_research/Restart/FITS_FILES/149.89700317382798/cutout-HSC-Y-9813-pdr2_dud-200225-060915.fits,/Users/linaflorez/Desktop/ObsCos/COSMOS_research/Restart/FITS_FILES/149.89700317382798/cutout-HSC-Z-9813-pdr2_dud-200225-060907.fits
10,b'cid_11754',150.20899963378906,2.2495540000000003,0.3670000000000001,-99.0,0.000592,-99.0,9.29e-15,-99.0,0.0,-99.0,-99.0,-99.0,16.39,4.92e-05,2.1700002e-05,3.1199998e-16,1.38e-16,2.27,160.79,7.83,4.05,-99.0,0.00025399998,-99.0,7.720000000000002e-15,-99.0,0.0,-99.0,-99.0,-99.0,0.23,0.1,0.72,150.208999633789,2.2495540000000003,/Users/linaflorez/Desktop/ObsCos/COSMOS_research/Restart/FITS_FILES/150.208999633789/cutout-HSC-G-9813-pdr2_dud-200225-061016.fits,/Users/linaflorez/Desktop/ObsCos/COSMOS_research/Restart/FITS_FILES/150.208999633789/cutout-HSC-R-9813-pdr2_dud-200225-061024.fits,/Users/linaflorez/Desktop/ObsCos/COSMOS_research/Restart/FITS_FILES/150.208999633789/cutout-HSC-I-9813-pdr2_dud-200225-061033.fits,/Users/linaflorez/Desktop/ObsCos/COSMOS_research/Restart/FITS_FILES/150.208999633789/cutout-HSC-Y-9813-pdr2_dud-200225-061049.fits,/Users/linaflorez/Desktop/ObsCos/COSMOS_research/Restart/FITS_FILES/150.208999633789/cutout-HSC-Z-9813-pdr2_dud-200225-061041.fits
12,b'cid_1209 ',149.88171998110002,2.3679534797,0.68,23.57,0.000113,3.37e-05,1.77e-15,5.29e-16,3.35,143.43,17.59,5.79,12.17,4.66e-05,2.05e-05,2.95e-16,1.3e-16,2.27,144.84,7.19,3.9,-99.0,0.000376,-99.0,1.14e-14,-99.0,0.0,-99.0,-99.0,-99.0,-0.03,-0.26,0.26,149.88171998110002,2.3679534797,/Users/linaflorez/Desktop/ObsCos/COSMOS_research/Restart/FITS_FILES/149.88171998110002/cutout-HSC-G-9813-pdr2_dud-200225-061253.fits,/Users/linaflorez/Desktop/ObsCos/COSMOS_research/Restart/FITS_FILES/149.88171998110002/cutout-HSC-R-9813-pdr2_dud-200225-061300.fits,/Users/linaflorez/Desktop/ObsCos/COSMOS_research/Restart/FITS_FILES/149.88171998110002/cutout-HSC-I-9813-pdr2_dud-200225-061309.fits,/Users/linaflorez/Desktop/ObsCos/COSMOS_research/Restart/FITS_FILES/149.88171998110002/cutout-HSC-Y-9813-pdr2_dud-200225-061324.fits,/Users/linaflorez/Desktop/ObsCos/COSMOS_research/Restart/FITS_FILES/149.88171998110002/cutout-HSC-Z-9813-pdr2_dud-200225-061316.fits
13,b'cid_1213 ',150.0007499728,2.2513576119,0.276,32.9,0.00015800001,3.88e-05,2.48e-15,6.089999999999999e-16,4.05,168.28,25.2,6.84,11.19,5.1e-05,2.1700002e-05,3.23e-16,1.38e-16,2.36,167.62,8.05,4.09,22.04,0.000112,3.35e-05,3.4e-15,1.0199999e-15,3.34,168.39,18.41,5.92,0.18,-0.13,0.51,150.0007499728,2.2513576119,/Users/linaflorez/Desktop/ObsCos/COSMOS_research/Restart/FITS_FILES/150.0007499728/cutout-HSC-G-9813-pdr2_dud-200225-061408.fits,/Users/linaflorez/Desktop/ObsCos/COSMOS_research/Restart/FITS_FILES/150.0007499728/cutout-HSC-R-9813-pdr2_dud-200225-061416.fits,/Users/linaflorez/Desktop/ObsCos/COSMOS_research/Restart/FITS_FILES/150.0007499728/cutout-HSC-I-9813-pdr2_dud-200225-061423.fits,/Users/linaflorez/Desktop/ObsCos/COSMOS_research/Restart/FITS_FILES/150.0007499728/cutout-HSC-Y-9813-pdr2_dud-200225-061438.fits,/Users/linaflorez/Desktop/ObsCos/COSMOS_research/Restart/FITS_FILES/150.0007499728/cutout-HSC-Z-9813-pdr2_dud-200225-061431.fits
14,b'cid_1229 ',150.3725199818,2.2030642287,1.195,8.42,0.00010800001,2.99e-05,1.7e-15,4.69e-16,3.6,160.98,17.59,5.79,14.01,6.96e-05,2.18e-05,4.4099997e-16,1.38e-16,3.19,160.76,11.21,4.73,-99.0,0.000199,-99.0,6.05e-15,-99.0,0.0,-99.0,-99.0,-99.0,-0.38,-0.68,0.02,150.3725199818,2.2030642287,/Users/linaflorez/Desktop/ObsCos/COSMOS_research/Restart/FITS_FILES/150.3725199818/cutout-HSC-G-9813-pdr2_dud-200225-061538.fits,/Users/linaflorez/Desktop/ObsCos/COSMOS_research/Restart/FITS_FILES/150.3725199818/cutout-HSC-R-9813-pdr2_dud-200225-061545.fits,/Users/linaflorez/Desktop/ObsCos/COSMOS_research/Restart/FITS_FILES/150.3725199818/cutout-HSC-I-9813-pdr2_dud-200225-061553.fits,/Users/linaflorez/Desktop/ObsCos/COSMOS_research/Restart/FITS_FILES/150.3725199818/cutout-HSC-Y-9813-pdr2_dud-200225-061608.fits,/Users/linaflorez/Desktop/ObsCos/COSMOS_research/Restart/FITS_FILES/150.3725199818/cutout-HSC-Z-9813-pdr2_dud-200225-061600.fits
15,b'cid_1246 ',150.0158299922,2.441884998,0.466,29.47,0.00021400001,4.31e-05,3.36e-15,6.77e-16,4.97,167.39,34.65,7.94,14.25,9.76e-05,2.7399999999999995e-05,6.190000299999999e-16,1.74e-16,3.55,165.57,15.51,5.47,13.98,0.00010800001,3.3199998e-05,3.2799999999999997e-15,1.01e-15,3.26,168.48,18.07,5.87,-0.06,-0.34,0.25,150.0158299922,2.441884998,/Users/linaflorez/Desktop/ObsCos/COSMOS_research/Restart/FITS_FILES/150.0158299922/cutout-HSC-G-9813-pdr2_dud-200225-061647.fits,/Users/linaflorez/Desktop/ObsCos/COSMOS_research/Restart/FITS_FILES/150.0158299922/cutout-HSC-R-9813-pdr2_dud-200225-061656.fits,/Users/linaflorez/Desktop/ObsCos/COSMOS_research/Restart/FITS_FILES/150.0158299922/cutout-HSC-I-9813-pdr2_dud-200225-061704.fits,/Users/linaflorez/Desktop/ObsCos/COSMOS_research/Restart/FITS_FILES/150.0158299922/cutout-HSC-Y-9813-pdr2_dud-200225-061721.fits,/Users/linaflorez/Desktop/ObsCos/COSMOS_research/Restart/FITS_FILES/150.0158299922/cutout-HSC-Z-9813-pdr2_dud-200225-061712.fits
16,b'cid_12512',149.8800048828125,1.937113,1.26,-99.0,0.00041799998,-99.0,6.559999999999999e-15,-99.0,0.0,-99.0,-99.0,-99.0,12.24,7.219999999999999e-05,2.32e-05,4.58e-16,1.47e-16,3.13,169.16,11.4,4.77,-99.0,7.36e-05,-99.0,2.2399999999999997e-15,-99.0,0.0,-99.0,-99.0,-99.0,-99.0,-99.0,-0.83,149.88000488281298,1.937113,/Users/linaflorez/Desktop/ObsCos/COSMOS_research/Restart/FITS_FILES/149.88000488281298/cutout-HSC-G-9813-pdr2_dud-200225-061804.fits,/Users/linaflorez/Desktop/ObsCos/COSMOS_research/Restart/FITS_FILES/149.88000488281298/cutout-HSC-R-9813-pdr2_dud-200225-061814.fits,/Users/linaflorez/Desktop/ObsCos/COSMOS_research/Restart/FITS_FILES/149.88000488281298/cutout-HSC-I-9813-pdr2_dud-200225-061822.fits,/Users/linaflorez/Desktop/ObsCos/COSMOS_research/Restart/FITS_FILES/149.88000488281298/cutout-HSC-Y-9813-pdr2_dud-200225-061839.fits,/Users/linaflorez/Desktop/ObsCos/COSMOS_research/Restart/FITS_FILES/149.88000488281298/cutout-HSC-Z-9813-pdr2_dud-200225-061831.fits
17,b'cid_1259 ',150.3429899883,2.3444932296000003,0.532,14.45,8.159999600000001e-05,4.03e-05,1.28e-15,6.33e-16,2.02,216.19,18.35,5.91,12.37,6.7600005e-05,2.6099999e-05,4.29e-16,1.6499999e-16,2.6,211.05,14.89,5.37,-99.0,0.00026600002,-99.0,8.09e-15,-99.0,0.0,-99.0,-99.0,-99.0,-99.0,-99.0,-0.32,150.3429899883,2.3444932296000003,/Users/linaflorez/Desktop/ObsCos/COSMOS_research/Restart/FITS_FILES/150.3429899883/cutout-HSC-G-9813-pdr2_dud-200225-061927.fits,/Users/linaflorez/Desktop/ObsCos/COSMOS_research/Restart/FITS_FILES/150.3429899883/cutout-HSC-R-9813-pdr2_dud-200225-061936.fits,/Users/linaflorez/Desktop/ObsCos/COSMOS_research/Restart/FITS_FILES/150.3429899883/cutout-HSC-I-9813-pdr2_dud-200225-061944.fits,/Users/linaflorez/Desktop/ObsCos/COSMOS_research/Restart/FITS_FILES/150.3429899883/cutout-HSC-Y-9813-pdr2_dud-200225-062002.fits,/Users/linaflorez/Desktop/ObsCos/COSMOS_research/Restart/FITS_FILES/150.3429899883/cutout-HSC-Z-9813-pdr2_dud-200225-061953.fits
19,b'cid_1262 ',150.3988499921,2.2709033063,0.684,20.8,0.000145,4.95e-05,2.2799999e-15,7.77e-16,2.92,163.03,26.07,6.95,14.56,9.45e-05,3.21e-05,5.990000000000001e-16,2.04e-16,2.94,157.85,16.63,5.65,-99.0,0.00022100001,-99.0,6.72e-15,-99.0,0.0,-99.0,-99.0,-99.0,-0.2,-0.48,0.3,150.3988499921,2.2709033063,/Users/linaflorez/Desktop/ObsCos/COSMOS_research/Restart/FITS_FILES/150.3988499921/cutout-HSC-G-9813-pdr2_dud-200225-062157.fits,/Users/linaflorez/Desktop/ObsCos/COSMOS_research/Restart/FITS_FILES/150.3988499921/cutout-HSC-R-9813-pdr2_dud-200225-062205.fits,/Users/linaflorez/Desktop/ObsCos/COSMOS_research/Restart/FITS_FILES/150.3988499921/cutout-HSC-I-9813-pdr2_dud-200225-062213.fits,/Users/linaflorez/Desktop/ObsCos/COSMOS_research/Restart/FITS_FILES/150.3988499921/cutout-HSC-Y-9813-pdr2_dud-200225-062228.fits,/Users/linaflorez/Desktop/ObsCos/COSMOS_research/Restart/FITS_FILES/150.3988499921/cutout-HSC-Z-9813-pdr2_dud-200225-062220.fits
20,b'cid_1263 ',150.4251899911,2.3120887098,0.7440000000000001,25.31,0.000120000004,3.41e-05,1.88e-15,5.349999999999999e-16,3.51,162.9,19.13,6.02,15.14,5.0100003e-05,2.0899999e-05,3.1800002e-16,1.3300000000000002e-16,2.39,162.45,7.91,4.06,8.18,7.46e-05,2.84e-05,2.27e-15,8.630000000000001e-16,2.63,162.51,12.27,4.92,-0.04,-0.44,0.37,150.4251899911,2.3120887098,/Users/linaflorez/Desktop/ObsCos/COSMOS_research/Restart/FITS_FILES/150.4251899911/cutout-HSC-G-9813-pdr2_dud-200225-062313.fits,/Users/linaflorez/Desktop/ObsCos/COSMOS_research/Restart/FITS_FILES/150.4251899911/cutout-HSC-R-9813-pdr2_dud-200225-062321.fits,/Users/linaflorez/Desktop/ObsCos/COSMOS_research/Restart/FITS_FILES/150.4251899911/cutout-HSC-I-9813-pdr2_dud-200225-062329.fits,/Users/linaflorez/Desktop/ObsCos/COSMOS_research/Restart/FITS_FILES/150.4251899911/cutout-HSC-Y-9813-pdr2_dud-200225-062344.fits,/Users/linaflorez/Desktop/ObsCos/COSMOS_research/Restart/FITS_FILES/150.4251899911/cutout-HSC-Z-9813-pdr2_dud-200225-062336.fits
21,b'cid_12650',150.21299743652344,2.18825,0.986,-99.0,0.000595,-99.0,9.340000000000001e-15,-99.0,0.0,-99.0,-99.0,-99.0,11.22,4e-05,1.86e-05,2.54e-16,1.18e-16,2.16,216.83,8.1,4.1,-99.0,0.00022100001,-99.0,6.72e-15,-99.0,0.0,-99.0,-99.0,-99.0,-99.0,-99.0,-0.43,150.212997436523,2.18825,/Users/linaflorez/Desktop/ObsCos/COSMOS_research/Restart/FITS_FILES/150.212997436523/cutout-HSC-G-9813-pdr2_dud-200225-062435.fits,/Users/linaflorez/Desktop/ObsCos/COSMOS_research/Restart/FITS_FILES/150.212997436523/cutout-HSC-R-9813-pdr2_dud-200225-062442.fits,/Users/linaflorez/Desktop/ObsCos/COSMOS_research/Restart/FITS_FILES/150.212997436523/cutout-HSC-I-9813-pdr2_dud-200225-062450.fits,/Users/linaflorez/Desktop/ObsCos/COSMOS_research/Restart/FITS_FILES/150.212997436523/cutout-HSC-Y-9813-pdr2_dud-200225-062506.fits,/Users/linaflorez/Desktop/ObsCos/COSMOS_research/Restart/FITS_FILES/150.212997436523/cutout-HSC-Z-9813-pdr2_dud-200225-062458.fits
23,b'cid_1285 ',150.35632999860002,2.2239851841,0.983,12.27,0.00010499999,3.48e-05,1.65e-15,5.46e-16,3.01,174.7,17.18,5.73,-99.0,0.00022,-99.0,1.3900000000000001e-15,-99.0,0.0,-99.0,-99.0,-99.0,11.39,7.91e-05,3.07e-05,2.4e-15,9.33e-16,2.58,175.06,13.27,5.1,0.57,0.36,0.82,150.35632999860002,2.2239851841,/Users/linaflorez/Desktop/ObsCos/COSMOS_research/Restart/FITS_FILES/150.35632999860002/cutout-HSC-G-9813-pdr2_dud-200225-062722.fits,/Users/linaflorez/Desktop/ObsCos/COSMOS_research/Restart/FITS_FILES/150.35632999860002/cutout-HSC-R-9813-pdr2_dud-200225-062730.fits,/Users/linaflorez/Desktop/ObsCos/COSMOS_research/Restart/FITS_FILES/150.35632999860002/cutout-HSC-I-9813-pdr2_dud-200225-062738.fits,/Users/linaflorez/Desktop/ObsCos/COSMOS_research/Restart/FITS_FILES/150.35632999860002/cutout-HSC-Y-9813-pdr2_dud-200225-062753.fits,/Users/linaflorez/Desktop/ObsCos/COSMOS_research/Restart/FITS_FILES/150.35632999860002/cutout-HSC-Z-9813-pdr2_dud-200225-062745.fits
24,b'cid_1290 ',150.0779000039,1.9303350097,0.429,10.82,0.000113,4.52e-05,1.77e-15,7.1e-16,2.5,155.03,17.65,5.8,-99.0,7.72e-05,-99.0,4.89e-16,-99.0,0.0,-99.0,-99.0,-99.0,10.35,8.03e-05,3.9900002e-05,2.44e-15,1.21e-15,2.01,156.78,12.96,5.05,0.39,0.14,0.77,150.0779000039,1.9303350097,/Users/linaflorez/Desktop/ObsCos/COSMOS_research/Restart/FITS_FILES/150.0779000039/cutout-HSC-G-9813-pdr2_dud-200225-062844.fits,/Users/linaflorez/Desktop/ObsCos/COSMOS_research/Restart/FITS_FILES/150.0779000039/cutout-HSC-R-9813-pdr2_dud-200225-062855.fits,/Users/linaflorez/Desktop/ObsCos/COSMOS_research/Restart/FITS_FILES/150.0779000039/cutout-HSC-I-9813-pdr2_dud-200225-062904.fits,/Users/linaflorez/Desktop/ObsCos/COSMOS_research/Restart/FITS_FILES/150.0779000039/cutout-HSC-Y-9813-pdr2_dud-200225-062921.fits,/Users/linaflorez/Desktop/ObsCos/COSMOS_research/Restart/FITS_FILES/150.0779000039/cutout-HSC-Z-9813-pdr2_dud-200225-062913.fits
25,b'cid_1293 ',150.2876299793,1.9409972144,0.925,16.84,0.000128,3.5700000000000014e-05,2.0100000000000003e-15,5.599999999999998e-16,3.59,154.59,19.72,6.11,18.17,8.78e-05,2.6e-05,5.570000000000001e-16,1.6499999e-16,3.37,150.98,13.31,5.11,-99.0,0.000359,-99.0,1.09e-14,-99.0,0.0,-99.0,-99.0,-99.0,-0.12,-0.37,0.18,150.2876299793,1.9409972144,/Users/linaflorez/Desktop/ObsCos/COSMOS_research/Restart/FITS_FILES/150.2876299793/cutout-HSC-G-9813-pdr2_dud-200225-063008.fits,/Users/linaflorez/Desktop/ObsCos/COSMOS_research/Restart/FITS_FILES/150.2876299793/cutout-HSC-R-9813-pdr2_dud-200225-063017.fits,/Users/linaflorez/Desktop/ObsCos/COSMOS_research/Restart/FITS_FILES/150.2876299793/cutout-HSC-I-9813-pdr2_dud-200225-063026.fits,/Users/linaflorez/Desktop/ObsCos/COSMOS_research/Restart/FITS_FILES/150.2876299793/cutout-HSC-Y-9813-pdr2_dud-200225-063043.fits,/Users/linaflorez/Desktop/ObsCos/COSMOS_research/Restart/FITS_FILES/150.2876299793/cutout-HSC-Z-9813-pdr2_dud-200225-063035.fits
26,b'cid_1304 ',149.8605599648,2.3878495876,1.531,11.25,8.100000600000001e-05,3.0799998e-05,1.27e-15,4.84e-16,2.62,154.9,12.77,5.01,6.35,3.43e-05,1.85e-05,2.1700001e-16,1.17e-16,1.85,157.71,5.34,3.45,6.32,5.1900002000000013e-05,2.6400001e-05,1.58e-15,8.029999999999999e-16,1.97,157.59,8.37,4.16,-0.18,-0.69,0.39,149.8605599648,2.3878495876,/Users/linaflorez/Desktop/ObsCos/COSMOS_research/Restart/FITS_FILES/149.8605599648/cutout-HSC-G-9813-pdr2_dud-200225-063135.fits,/Users/linaflorez/Desktop/ObsCos/COSMOS_research/Restart/FITS_FILES/149.8605599648/cutout-HSC-R-9813-pdr2_dud-200225-063143.fits,/Users/linaflorez/Desktop/ObsCos/COSMOS_research/Restart/FITS_FILES/149.8605599648/cutout-HSC-I-9813-pdr2_dud-200225-063151.fits,/Users/linaflorez/Desktop/ObsCos/COSMOS_research/Restart/FITS_FILES/149.8605599648/cutout-HSC-Y-9813-pdr2_dud-200225-063207.fits,/Users/linaflorez/Desktop/ObsCos/COSMOS_research/Restart/FITS_FILES/149.8605599648/cutout-HSC-Z-9813-pdr2_dud-200225-063159.fits
27,b'cid_1313 ',149.930148634,2.59005860435,0.768,18.37,0.00019600001,4.13e-05,3.25e-15,6.84e-16,4.73,197.03,32.36,7.69,24.19,0.00016299999999999998,3.35e-05,1.1399999000000002e-15,2.34e-16,4.88,189.36,23.65,6.64,-99.9,0.00010800001,-99.9,3.3e-15,-99.9,0.0,-99.0,-99.0,-99.0,-0.64,-0.83,-0.5,149.930148634,2.5900586043500002,/Users/linaflorez/Desktop/ObsCos/COSMOS_research/Restart/FITS_FILES/149.930148634/cutout-HSC-G-9813-pdr2_dud-200225-063318.fits,/Users/linaflorez/Desktop/ObsCos/COSMOS_research/Restart/FITS_FILES/149.930148634/cutout-HSC-R-9813-pdr2_dud-200225-063328.fits,/Users/linaflorez/Desktop/ObsCos/COSMOS_research/Restart/FITS_FILES/149.930148634/cutout-HSC-I-9813-pdr2_dud-200225-063338.fits,/Users/linaflorez/Desktop/ObsCos/COSMOS_research/Restart/FITS_FILES/149.930148634/cutout-HSC-Y-9813-pdr2_dud-200225-063355.fits,/Users/linaflorez/Desktop/ObsCos/COSMOS_research/Restart/FITS_FILES/149.930148634/cutout-HSC-Z-9813-pdr2_dud-200225-063347.fits
28,b'cid_1366 ',150.269320001,1.8648852879,0.562,11.28,9.59e-05,3.5700000000000014e-05,1.5099999999999999e-15,5.599999999999998e-16,2.68,163.89,15.17,5.42,-99.0,0.000125,-99.0,7.93e-16,-99.0,0.0,-99.0,-99.0,-99.0,-99.0,0.000349,-99.0,1.06e-14,-99.0,0.0,-99.0,-99.0,-99.0,-99.0,0.32,-99.0,150.269320001,1.8648852879,/Users/linaflorez/Desktop/ObsCos/COSMOS_research/Restart/FITS_FILES/150.269320001/cutout-HSC-G-9813-pdr2_dud-200225-063437.fits,/Users/linaflorez/Desktop/ObsCos/COSMOS_research/Restart/FITS_FILES/150.269320001/cutout-HSC-R-9813-pdr2_dud-200225-063444.fits,/Users/linaflorez/Desktop/ObsCos/COSMOS_research/Restart/FITS_FILES/150.269320001/cutout-HSC-I-9813-pdr2_dud-200225-063453.fits,/Users/linaflorez/Desktop/ObsCos/COSMOS_research/Restart/FITS_FILES/150.269320001/cutout-HSC-Y-9813-pdr2_dud-200225-063508.fits,/Users/linaflorez/Desktop/ObsCos/COSMOS_research/Restart/FITS_FILES/150.269320001/cutout-HSC-Z-9813-pdr2_dud-200225-063501.fits
29,b'cid_1447 ',150.3912099882,2.1832612332,0.723,14.11,0.000123,3.52e-05,1.9300000000000002e-15,5.53e-16,3.49,172.11,19.56,6.08,6.94,4.96e-05,2.1e-05,3.14e-16,1.3300000000000002e-16,2.35,171.53,7.78,4.03,9.53,7.38e-05,2.92e-05,2.2399999999999997e-15,8.88e-16,2.54,171.83,12.07,4.89,-0.02,-0.41,0.4,150.3912099882,2.1832612332,/Users/linaflorez/Desktop/ObsCos/COSMOS_research/Restart/FITS_FILES/150.3912099882/cutout-HSC-G-9813-pdr2_dud-200225-063607.fits,/Users/linaflorez/Desktop/ObsCos/COSMOS_research/Restart/FITS_FILES/150.3912099882/cutout-HSC-R-9813-pdr2_dud-200225-063616.fits,/Users/linaflorez/Desktop/ObsCos/COSMOS_research/Restart/FITS_FILES/150.3912099882/cutout-HSC-I-9813-pdr2_dud-200225-063624.fits,/Users/linaflorez/Desktop/ObsCos/COSMOS_research/Restart/FITS_FILES/150.3912099882/cutout-HSC-Y-9813-pdr2_dud-200225-063638.fits,/Users/linaflorez/Desktop/ObsCos/COSMOS_research/Restart/FITS_FILES/150.3912099882/cutout-HSC-Z-9813-pdr2_dud-200225-063631.fits
30,b'cid_1485 ',150.1915899984,1.9099486971,0.428,34.55,0.00021700001,4.77e-05,3.41e-15,7.49e-16,4.54,250.88,58.22,10.16,11.37,9.55e-05,2.9300001000000007e-05,6.05e-16,1.86e-16,3.25,239.26,23.51,6.62,15.14,0.000112,3.950000000000001e-05,3.4e-15,1.2e-15,2.84,266.05,31.77,7.62,0.02,-0.2,0.26,150.1915899984,1.9099486971000001,/Users/linaflorez/Desktop/ObsCos/COSMOS_research/Restart/FITS_FILES/150.1915899984/cutout-HSC-G-9813-pdr2_dud-200225-063719.fits,/Users/linaflorez/Desktop/ObsCos/COSMOS_research/Restart/FITS_FILES/150.1915899984/cutout-HSC-R-9813-pdr2_dud-200225-063727.fits,/Users/linaflorez/Desktop/ObsCos/COSMOS_research/Restart/FITS_FILES/150.1915899984/cutout-HSC-I-9813-pdr2_dud-200225-063736.fits,/Users/linaflorez/Desktop/ObsCos/COSMOS_research/Restart/FITS_FILES/150.1915899984/cutout-HSC-Y-9813-pdr2_dud-200225-063751.fits,/Users/linaflorez/Desktop/ObsCos/COSMOS_research/Restart/FITS_FILES/150.1915899984/cutout-HSC-Z-9813-pdr2_dud-200225-063744.fits
31,b'cid_1490 ',149.8045999734,2.1188663938,0.768,13.9,9.8100005e-05,3.58e-05,1.5399999e-15,5.62e-16,2.73,170.95,15.67,5.5,11.79,6.2e-05,2.3699999e-05,3.93e-16,1.5e-16,2.62,169.71,9.75,4.45,-99.0,0.000201,-99.0,6.11e-15,-99.0,0.0,-99.0,-99.0,-99.0,-99.0,-99.0,-0.55,149.8045999734,2.1188663938,/Users/linaflorez/Desktop/ObsCos/COSMOS_research/Restart/FITS_FILES/149.8045999734/cutout-HSC-G-9813-pdr2_dud-200225-063836.fits,/Users/linaflorez/Desktop/ObsCos/COSMOS_research/Restart/FITS_FILES/149.8045999734/cutout-HSC-R-9813-pdr2_dud-200225-063846.fits,/Users/linaflorez/Desktop/ObsCos/COSMOS_research/Restart/FITS_FILES/149.8045999734/cutout-HSC-I-9813-pdr2_dud-200225-063855.fits,/Users/linaflorez/Desktop/ObsCos/COSMOS_research/Restart/FITS_FILES/149.8045999734/cutout-HSC-Y-9813-pdr2_dud-200225-063911.fits,/Users/linaflorez/Desktop/ObsCos/COSMOS_research/Restart/FITS_FILES/149.8045999734/cutout-HSC-Z-9813-pdr2_dud-200225-063903.fits
32,b'cid_1514 ',150.0861699559,2.1388651852,0.41,24.3,0.00016499998999999998,3.9299999999999986e-05,2.59e-15,6.1700003e-16,4.2,169.73,26.96,7.06,9.9,5.96e-05,2.27e-05,3.78e-16,1.4400001e-16,2.62,169.28,9.59,4.42,11.1,9.53e-05,3.2e-05,2.9e-15,9.73e-16,2.97,169.37,15.99,5.55,0.04,-0.29,0.37,150.0861699559,2.1388651852000002,/Users/linaflorez/Desktop/ObsCos/COSMOS_research/Restart/FITS_FILES/150.0861699559/cutout-HSC-G-9813-pdr2_dud-200225-063957.fits,/Users/linaflorez/Desktop/ObsCos/COSMOS_research/Restart/FITS_FILES/150.0861699559/cutout-HSC-R-9813-pdr2_dud-200225-064004.fits,/Users/linaflorez/Desktop/ObsCos/COSMOS_research/Restart/FITS_FILES/150.0861699559/cutout-HSC-I-9813-pdr2_dud-200225-064012.fits,/Users/linaflorez/Desktop/ObsCos/COSMOS_research/Restart/FITS_FILES/150.0861699559/cutout-HSC-Y-9813-pdr2_dud-200225-064028.fits,/Users/linaflorez/Desktop/ObsCos/COSMOS_research/Restart/FITS_FILES/150.0861699559/cutout-HSC-Z-9813-pdr2_dud-200225-064020.fits
33,b'cid_1528 ',149.93043001430001,2.5224352015,1.179,14.6,0.000121000005,3.06e-05,1.9e-15,4.8e-16,3.96,156.12,19.89,6.13,-99.0,0.000327,-99.0,2.0699998999999997e-15,-99.0,0.0,-99.0,-99.0,-99.0,10.27,8.32e-05,2.6e-05,2.53e-15,7.9e-16,3.19,155.53,14.06,5.23,-99.0,-99.0,-0.54,149.93043001430001,2.5224352015,/Users/linaflorez/Desktop/ObsCos/COSMOS_research/Restart/FITS_FILES/149.93043001430001/cutout-HSC-G-9813-pdr2_dud-200225-064111.fits,/Users/linaflorez/Desktop/ObsCos/COSMOS_research/Restart/FITS_FILES/149.93043001430001/cutout-HSC-R-9813-pdr2_dud-200225-064119.fits,/Users/linaflorez/Desktop/ObsCos/COSMOS_research/Restart/FITS_FILES/149.93043001430001/cutout-HSC-I-9813-pdr2_dud-200225-064127.fits,/Users/linaflorez/Desktop/ObsCos/COSMOS_research/Restart/FITS_FILES/149.93043001430001/cutout-HSC-Y-9813-pdr2_dud-200225-064144.fits,/Users/linaflorez/Desktop/ObsCos/COSMOS_research/Restart/FITS_FILES/149.93043001430001/cutout-HSC-Z-9813-pdr2_dud-200225-064136.fits
35,b'cid_1549 ',149.9315500041,2.3518566953,0.429,10.81,0.000166,4.9000002e-05,2.6099999000000002e-15,7.690000000000002e-16,3.39,164.68,28.12,7.2,8.42,7.54e-05,2.95e-05,4.78e-16,1.87e-16,2.55,159.89,12.49,4.96,-99.0,0.00034,-99.0,1.0299999e-14,-99.0,0.0,-99.0,-99.0,-99.0,-99.0,-99.0,-0.67,149.9315500041,2.3518566953,/Users/linaflorez/Desktop/ObsCos/COSMOS_research/Restart/FITS_FILES/149.9315500041/cutout-HSC-G-9813-pdr2_dud-200225-064345.fits,/Users/linaflorez/Desktop/ObsCos/COSMOS_research/Restart/FITS_FILES/149.9315500041/cutout-HSC-R-9813-pdr2_dud-200225-064353.fits,/Users/linaflorez/Desktop/ObsCos/COSMOS_research/Restart/FITS_FILES/149.9315500041/cutout-HSC-I-9813-pdr2_dud-200225-064403.fits,/Users/linaflorez/Desktop/ObsCos/COSMOS_research/Restart/FITS_FILES/149.9315500041/cutout-HSC-Y-9813-pdr2_dud-200225-064419.fits,/Users/linaflorez/Desktop/ObsCos/COSMOS_research/Restart/FITS_FILES/149.9315500041/cutout-HSC-Z-9813-pdr2_dud-200225-064411.fits
36,b'cid_1736 ',150.490405233,2.46255213475,1.32,25.16,0.000129,3e-05,2.11e-15,4.900000000000002e-16,4.31,173.99,22.24,6.45,12.66,6.620000000000001e-05,2.26e-05,4.510000499999998e-16,1.54e-16,2.93,172.81,9.37,4.37,13.18,6.809999999999999e-05,2.2999999e-05,2.08e-15,7.01e-16,2.96,173.65,10.4,4.58,-0.09,-0.35,0.26,150.490405233,2.46255213475,/Users/linaflorez/Desktop/ObsCos/COSMOS_research/Restart/FITS_FILES/150.490405233/cutout-HSC-G-9813-pdr2_dud-200225-064518.fits,/Users/linaflorez/Desktop/ObsCos/COSMOS_research/Restart/FITS_FILES/150.490405233/cutout-HSC-R-9813-pdr2_dud-200225-064527.fits,/Users/linaflorez/Desktop/ObsCos/COSMOS_research/Restart/FITS_FILES/150.490405233/cutout-HSC-I-9813-pdr2_dud-200225-064536.fits,/Users/linaflorez/Desktop/ObsCos/COSMOS_research/Restart/FITS_FILES/150.490405233/cutout-HSC-Y-9813-pdr2_dud-200225-064551.fits,/Users/linaflorez/Desktop/ObsCos/COSMOS_research/Restart/FITS_FILES/150.490405233/cutout-HSC-Z-9813-pdr2_dud-200225-064543.fits
37,b'cid_2015 ',150.487039983,2.283044295,0.946,20.06,0.000113999995,3.96e-05,1.79e-15,6.2199996e-16,2.88,174.31,9.8,4.46,-99.0,0.000164,-99.0,1.04e-15,-99.0,0.0,-99.0,-99.0,-99.0,-99.0,0.00028900002,-99.0,8.790000000000001e-15,-99.0,0.0,-99.0,-99.0,-99.0,-99.0,0.22,-99.0,150.487039983,2.283044295,/Users/linaflorez/Desktop/ObsCos/COSMOS_research/Restart/FITS_FILES/150.487039983/cutout-HSC-G-9813-pdr2_dud-200225-064629.fits,/Users/linaflorez/Desktop/ObsCos/COSMOS_research/Restart/FITS_FILES/150.487039983/cutout-HSC-R-9813-pdr2_dud-200225-064638.fits,/Users/linaflorez/Desktop/ObsCos/COSMOS_research/Restart/FITS_FILES/150.487039983/cutout-HSC-I-9813-pdr2_dud-200225-064647.fits,/Users/linaflorez/Desktop/ObsCos/COSMOS_research/Restart/FITS_FILES/150.487039983/cutout-HSC-Y-9813-pdr2_dud-200225-064703.fits,/Users/linaflorez/Desktop/ObsCos/COSMOS_research/Restart/FITS_FILES/150.487039983/cutout-HSC-Z-9813-pdr2_dud-200225-064654.fits
38,b'cid_2229 ',149.800138132,2.47034296029,0.16699999999999998,70.51,0.000368,5.2199997e-05,6.0399999999999995e-15,8.57e-16,7.06,162.58,65.24,10.73,73.76,0.000278,4.46e-05,1.9100000000000007e-15,3.0699999999999996e-16,6.23,149.24,37.43,8.24,-99.9,0.00026600002,-99.9,8.11e-15,-99.9,0.0,-99.0,-99.0,-99.0,-0.15,-0.3,0.0,149.800138132,2.47034296029,/Users/linaflorez/Desktop/ObsCos/COSMOS_research/Restart/FITS_FILES/149.800138132/cutout-HSC-G-9813-pdr2_dud-200225-064752.fits,/Users/linaflorez/Desktop/ObsCos/COSMOS_research/Restart/FITS_FILES/149.800138132/cutout-HSC-R-9813-pdr2_dud-200225-064801.fits,/Users/linaflorez/Desktop/ObsCos/COSMOS_research/Restart/FITS_FILES/149.800138132/cutout-HSC-I-9813-pdr2_dud-200225-064808.fits,/Users/linaflorez/Desktop/ObsCos/COSMOS_research/Restart/FITS_FILES/149.800138132/cutout-HSC-Y-9813-pdr2_dud-200225-064823.fits,/Users/linaflorez/Desktop/ObsCos/COSMOS_research/Restart/FITS_FILES/149.800138132/cutout-HSC-Z-9813-pdr2_dud-200225-064816.fits
39,b'cid_2305 ',150.425795746,2.16006029466,0.688,12.6,7.900000000000001e-05,2.97e-05,1.2999999e-15,4.900000000000002e-16,2.66,181.16,7.84,4.05,-99.9,7.92e-05,-99.9,5.5e-16,-99.9,0.0,-99.0,-99.0,-99.0,7.18,5.64e-05,2.68e-05,1.72e-15,8.180000500000002e-16,2.1,195.06,3.42,2.89,-99.0,-99.0,-0.31,150.425795746,2.16006029466,/Users/linaflorez/Desktop/ObsCos/COSMOS_research/Restart/FITS_FILES/150.425795746/cutout-HSC-G-9813-pdr2_dud-200225-064912.fits,/Users/linaflorez/Desktop/ObsCos/COSMOS_research/Restart/FITS_FILES/150.425795746/cutout-HSC-R-9813-pdr2_dud-200225-064920.fits,/Users/linaflorez/Desktop/ObsCos/COSMOS_research/Restart/FITS_FILES/150.425795746/cutout-HSC-I-9813-pdr2_dud-200225-064928.fits,/Users/linaflorez/Desktop/ObsCos/COSMOS_research/Restart/FITS_FILES/150.425795746/cutout-HSC-Y-9813-pdr2_dud-200225-064944.fits,/Users/linaflorez/Desktop/ObsCos/COSMOS_research/Restart/FITS_FILES/150.425795746/cutout-HSC-Z-9813-pdr2_dud-200225-064936.fits
40,b'cid_235  ',150.0070399606,1.9180055093,0.539,43.77,0.000233,4.25e-05,3.66e-15,6.67e-16,5.49,176.27,38.52,8.35,26.4,0.000102,2.6700001e-05,6.47e-16,1.6899999999999999e-16,3.82,175.95,16.69,5.66,19.69,0.00013500001,3.4e-05,4.1e-15,1.03e-15,3.97,175.79,22.9,6.54,0.04,-0.22,0.31,150.0070399606,1.9180055093000001,/Users/linaflorez/Desktop/ObsCos/COSMOS_research/Restart/FITS_FILES/150.0070399606/cutout-HSC-G-9813-pdr2_dud-200225-070403.fits,/Users/linaflorez/Desktop/ObsCos/COSMOS_research/Restart/FITS_FILES/150.0070399606/cutout-HSC-R-9813-pdr2_dud-200225-070413.fits,/Users/linaflorez/Desktop/ObsCos/COSMOS_research/Restart/FITS_FILES/150.0070399606/cutout-HSC-I-9813-pdr2_dud-200225-070421.fits,/Users/linaflorez/Desktop/ObsCos/COSMOS_research/Restart/FITS_FILES/150.0070399606/cutout-HSC-Y-9813-pdr2_dud-200225-070436.fits,/Users/linaflorez/Desktop/ObsCos/COSMOS_research/Restart/FITS_FILES/150.0070399606/cutout-HSC-Z-9813-pdr2_dud-200225-070429.fits
41,b'cid_2444 ',150.1393299992,2.3430127877,2.046,21.65,8.7700006e-05,3.3100000000000005e-05,1.3800000000000001e-15,5.2e-16,2.65,167.68,14.53,5.31,-99.0,8.78e-05,-99.0,5.570000000000001e-16,-99.0,0.0,-99.0,-99.0,-99.0,-99.0,0.00031300002999999995,-99.0,9.520001e-15,-99.0,0.0,-99.0,-99.0,-99.0,-99.0,0.31,-99.0,150.1393299992,2.3430127877,/Users/linaflorez/Desktop/ObsCos/COSMOS_research/Restart/FITS_FILES/150.1393299992/cutout-HSC-G-9813-pdr2_dud-200225-070516.fits,/Users/linaflorez/Desktop/ObsCos/COSMOS_research/Restart/FITS_FILES/150.1393299992/cutout-HSC-R-9813-pdr2_dud-200225-070524.fits,/Users/linaflorez/Desktop/ObsCos/COSMOS_research/Restart/FITS_FILES/150.1393299992/cutout-HSC-I-9813-pdr2_dud-200225-070533.fits,/Users/linaflorez/Desktop/ObsCos/COSMOS_research/Restart/FITS_FILES/150.1393299992/cutout-HSC-Y-9813-pdr2_dud-200225-070550.fits,/Users/linaflorez/Desktop/ObsCos/COSMOS_research/Restart/FITS_FILES/150.1393299992/cutout-HSC-Z-9813-pdr2_dud-200225-070541.fits
42,b'cid_2504 ',149.714104056,2.3241623219,0.7829999999999999,10.81,8.48e-05,2.7300000000000006e-05,1.3900000000000001e-15,4.480000000000002e-16,3.1,156.29,9.53,4.4,-99.9,6.850000000000001e-05,-99.9,4.7100003e-16,-99.9,0.0,-99.0,-99.0,-99.0,9.85,7.6100005e-05,2.6700001e-05,2.32e-15,8.1400004e-16,2.85,149.55,5.8,3.56,0.08,-0.26,0.64,149.714104056,2.3241623219,/Users/linaflorez/Desktop/ObsCos/COSMOS_research/Restart/FITS_FILES/149.714104056/cutout-HSC-G-9813-pdr2_dud-200225-070641.fits,/Users/linaflorez/Desktop/ObsCos/COSMOS_research/Restart/FITS_FILES/149.714104056/cutout-HSC-R-9813-pdr2_dud-200225-070649.fits,/Users/linaflorez/Desktop/ObsCos/COSMOS_research/Restart/FITS_FILES/149.714104056/cutout-HSC-I-9813-pdr2_dud-200225-070658.fits,/Users/linaflorez/Desktop/ObsCos/COSMOS_research/Restart/FITS_FILES/149.714104056/cutout-HSC-Y-9813-pdr2_dud-200225-070714.fits,/Users/linaflorez/Desktop/ObsCos/COSMOS_research/Restart/FITS_FILES/149.714104056/cutout-HSC-Z-9813-pdr2_dud-200225-070706.fits
43,b'cid_2692 ',150.0779199783,2.0431886141,1.056,11.54,8.25e-05,3.04e-05,1.2999999e-15,4.77e-16,2.71,184.57,15.74,5.51,-99.0,0.000116999996,-99.0,7.42e-16,-99.0,0.0,-99.0,-99.0,-99.0,11.41,7.8699995e-05,2.8000000000000006e-05,2.3899999999999998e-15,8.51e-16,2.82,187.54,15.62,5.49,-99.0,0.18,-99.0,150.0779199783,2.0431886141,/Users/linaflorez/Desktop/ObsCos/COSMOS_research/Restart/FITS_FILES/150.0779199783/cutout-HSC-G-9813-pdr2_dud-200225-070750.fits,/Users/linaflorez/Desktop/ObsCos/COSMOS_research/Restart/FITS_FILES/150.0779199783/cutout-HSC-R-9813-pdr2_dud-200225-070759.fits,/Users/linaflorez/Desktop/ObsCos/COSMOS_research/Restart/FITS_FILES/150.0779199783/cutout-HSC-I-9813-pdr2_dud-200225-070808.fits,/Users/linaflorez/Desktop/ObsCos/COSMOS_research/Restart/FITS_FILES/150.0779199783/cutout-HSC-Y-9813-pdr2_dud-200225-070825.fits,/Users/linaflorez/Desktop/ObsCos/COSMOS_research/Restart/FITS_FILES/150.0779199783/cutout-HSC-Z-9813-pdr2_dud-200225-070816.fits
45,b'cid_2847 ',149.645478218,2.1703070264,1.492,11.15,0.000112,2.95e-05,1.84e-15,4.84e-16,3.79,152.07,3.05,2.76,-99.9,3.63e-05,-99.9,2.49e-16,-99.9,0.0,-99.0,-99.0,-99.0,6.66,7.809999999999999e-05,2.92e-05,2.3800002e-15,8.91e-16,2.67,149.31,4.91,3.33,-99.0,0.42,-99.0,149.645478218,2.1703070263999997,/Users/linaflorez/Desktop/ObsCos/COSMOS_research/Restart/FITS_FILES/149.645478218/cutout-HSC-G-9813-pdr2_dud-200225-071034.fits,/Users/linaflorez/Desktop/ObsCos/COSMOS_research/Restart/FITS_FILES/149.645478218/cutout-HSC-R-9813-pdr2_dud-200225-071046.fits,/Users/linaflorez/Desktop/ObsCos/COSMOS_research/Restart/FITS_FILES/149.645478218/cutout-HSC-I-9813-pdr2_dud-200225-071054.fits,/Users/linaflorez/Desktop/ObsCos/COSMOS_research/Restart/FITS_FILES/149.645478218/cutout-HSC-Y-9813-pdr2_dud-200225-071110.fits,/Users/linaflorez/Desktop/ObsCos/COSMOS_research/Restart/FITS_FILES/149.645478218/cutout-HSC-Z-9813-pdr2_dud-200225-071102.fits
46,b'cid_287  ',150.2847799733,1.8182696975,0.544,53.01,0.00035699998,5.27e-05,5.6e-15,8.2700004e-16,6.77,160.54,56.21,9.99,39.31,0.000206,3.77e-05,1.31e-15,2.39e-16,5.46,157.73,31.9,7.64,17.19,0.000154,3.82e-05,4.6799998e-15,1.16e-15,4.05,162.84,25.11,6.83,-0.18,-0.39,0.06,150.2847799733,1.8182696975,/Users/linaflorez/Desktop/ObsCos/COSMOS_research/Restart/FITS_FILES/150.2847799733/cutout-HSC-G-9813-pdr2_dud-200225-071158.fits,/Users/linaflorez/Desktop/ObsCos/COSMOS_research/Restart/FITS_FILES/150.2847799733/cutout-HSC-R-9813-pdr2_dud-200225-071205.fits,/Users/linaflorez/Desktop/ObsCos/COSMOS_research/Restart/FITS_FILES/150.2847799733/cutout-HSC-I-9813-pdr2_dud-200225-071215.fits,/Users/linaflorez/Desktop/ObsCos/COSMOS_research/Restart/FITS_FILES/150.2847799733/cutout-HSC-Y-9813-pdr2_dud-200225-071232.fits,/Users/linaflorez/Desktop/ObsCos/COSMOS_research/Restart/FITS_FILES/150.2847799733/cutout-HSC-Z-9813-pdr2_dud-200225-071223.fits
48,b'cid_293  ',150.204947328,1.73579770775,0.5,39.66,0.000202,3.74e-05,3.31e-15,6.13e-16,5.41,167.59,32.73,7.73,28.23,0.000120000004,2.9100001e-05,8.2399995e-16,2e-16,4.1,160.04,16.94,5.7,12.46,7.63e-05,2.6700001e-05,2.33e-15,8.1400004e-16,2.86,162.87,15.31,5.44,-0.05,-0.24,0.16,150.204947328,1.73579770775,/Users/linaflorez/Desktop/ObsCos/COSMOS_research/Restart/FITS_FILES/150.204947328/cutout-HSC-G-9813-pdr2_dud-200225-075637.fits,/Users/linaflorez/Desktop/ObsCos/COSMOS_research/Restart/FITS_FILES/150.204947328/cutout-HSC-R-9813-pdr2_dud-200225-075645.fits,/Users/linaflorez/Desktop/ObsCos/COSMOS_research/Restart/FITS_FILES/150.204947328/cutout-HSC-I-9813-pdr2_dud-200225-075653.fits,/Users/linaflorez/Desktop/ObsCos/COSMOS_research/Restart/FITS_FILES/150.204947328/cutout-HSC-Y-9813-pdr2_dud-200225-075709.fits,/Users/linaflorez/Desktop/ObsCos/COSMOS_research/Restart/FITS_FILES/150.204947328/cutout-HSC-Z-9813-pdr2_dud-200225-075701.fits
49,b'cid_3165 ',149.7983099899,2.0750538948,0.428,11.84,0.00010800001,3.64e-05,1.7e-15,5.71e-16,2.96,190.1,19.93,6.14,-99.0,6.2600004e-05,-99.0,3.97e-16,-99.0,0.0,-99.0,-99.0,-99.0,-99.0,0.000326,-99.0,9.909999999999999e-15,-99.0,0.0,-99.0,-99.0,-99.0,-99.0,0.39,-99.0,149.7983099899,2.0750538948,/Users/linaflorez/Desktop/ObsCos/COSMOS_research/Restart/FITS_FILES/149.7983099899/cutout-HSC-G-9813-pdr2_dud-200225-075754.fits,/Users/linaflorez/Desktop/ObsCos/COSMOS_research/Restart/FITS_FILES/149.7983099899/cutout-HSC-R-9813-pdr2_dud-200225-075806.fits,/Users/linaflorez/Desktop/ObsCos/COSMOS_research/Restart/FITS_FILES/149.7983099899/cutout-HSC-I-9813-pdr2_dud-200225-075816.fits,/Users/linaflorez/Desktop/ObsCos/COSMOS_research/Restart/FITS_FILES/149.7983099899/cutout-HSC-Y-9813-pdr2_dud-200225-075832.fits,/Users/linaflorez/Desktop/ObsCos/COSMOS_research/Restart/FITS_FILES/149.7983099899/cutout-HSC-Z-9813-pdr2_dud-200225-075823.fits
50,b'cid_3175 ',149.8377599897,2.0277327983,0.213,38.37,0.000138,4.58e-05,2.1700002e-15,7.19e-16,3.0,166.99,22.17,6.45,34.75,0.000104,3.1199997e-05,6.59e-16,1.98e-16,3.35,164.61,16.54,5.63,-99.0,0.000175,-99.0,5.320000000000001e-15,-99.0,0.0,-99.0,-99.0,-99.0,-99.0,-99.0,-0.63,149.8377599897,2.0277327983,/Users/linaflorez/Desktop/ObsCos/COSMOS_research/Restart/FITS_FILES/149.8377599897/cutout-HSC-G-9813-pdr2_dud-200225-075934.fits,/Users/linaflorez/Desktop/ObsCos/COSMOS_research/Restart/FITS_FILES/149.8377599897/cutout-HSC-R-9813-pdr2_dud-200225-075942.fits,/Users/linaflorez/Desktop/ObsCos/COSMOS_research/Restart/FITS_FILES/149.8377599897/cutout-HSC-I-9813-pdr2_dud-200225-075951.fits,/Users/linaflorez/Desktop/ObsCos/COSMOS_research/Restart/FITS_FILES/149.8377599897/cutout-HSC-Y-9813-pdr2_dud-200225-080008.fits,/Users/linaflorez/Desktop/ObsCos/COSMOS_research/Restart/FITS_FILES/149.8377599897/cutout-HSC-Z-9813-pdr2_dud-200225-080000.fits
51,b'cid_3290 ',150.28645324200002,1.76593267396,0.203,14.69,8.65e-05,3.82e-05,1.4300000000000002e-15,6.31e-16,2.26,159.86,17.05,5.71,19.75,0.00010800001,3.78e-05,7.51e-16,2.6300002e-16,2.85,142.48,13.0,5.05,-99.9,8.209999999999999e-05,-99.9,2.51e-15,-99.9,0.0,-99.0,-99.0,-99.0,-99.0,-99.0,-0.73,150.28645324200002,1.76593267396,/Users/linaflorez/Desktop/ObsCos/COSMOS_research/Restart/FITS_FILES/150.28645324200002/cutout-HSC-G-9813-pdr2_dud-200225-082108.fits,/Users/linaflorez/Desktop/ObsCos/COSMOS_research/Restart/FITS_FILES/150.28645324200002/cutout-HSC-R-9813-pdr2_dud-200225-082118.fits,/Users/linaflorez/Desktop/ObsCos/COSMOS_research/Restart/FITS_FILES/150.28645324200002/cutout-HSC-I-9813-pdr2_dud-200225-082126.fits,/Users/linaflorez/Desktop/ObsCos/COSMOS_research/Restart/FITS_FILES/150.28645324200002/cutout-HSC-Y-9813-pdr2_dud-200225-082143.fits,/Users/linaflorez/Desktop/ObsCos/COSMOS_research/Restart/FITS_FILES/150.28645324200002/cutout-HSC-Z-9813-pdr2_dud-200225-082134.fits
52,b'cid_3299 ',150.334762971,1.78843150344,1.0659999999999998,12.4,9.96e-05,3.04e-05,1.63e-15,4.969999700000002e-16,3.28,179.51,9.42,4.38,12.08,9.1400005e-05,3.59e-05,6.25e-16,2.4500000000000004e-16,2.54,176.87,7.92,4.07,-99.9,7.8000005e-05,-99.9,2.3800002e-15,-99.9,0.0,-99.0,-99.0,-99.0,-0.48,-0.66,-0.29,150.334762971,1.78843150344,/Users/linaflorez/Desktop/ObsCos/COSMOS_research/Restart/FITS_FILES/150.334762971/cutout-HSC-G-9813-pdr2_dud-200225-082227.fits,/Users/linaflorez/Desktop/ObsCos/COSMOS_research/Restart/FITS_FILES/150.334762971/cutout-HSC-R-9813-pdr2_dud-200225-082235.fits,/Users/linaflorez/Desktop/ObsCos/COSMOS_research/Restart/FITS_FILES/150.334762971/cutout-HSC-I-9813-pdr2_dud-200225-082243.fits,/Users/linaflorez/Desktop/ObsCos/COSMOS_research/Restart/FITS_FILES/150.334762971/cutout-HSC-Y-9813-pdr2_dud-200225-082302.fits,/Users/linaflorez/Desktop/ObsCos/COSMOS_research/Restart/FITS_FILES/150.334762971/cutout-HSC-Z-9813-pdr2_dud-200225-082253.fits
53,b'cid_3334 ',150.12685816299998,1.7751008925,0.324,16.89,9.8599994e-05,3.11e-05,1.6100000000000001e-15,5.059999999999998e-16,3.17,198.67,10.5,4.6,14.65,4.9299997e-05,2.08e-05,3.34e-16,1.41e-16,2.37,186.92,5.14,3.39,-99.9,0.000113999995,-99.9,3.4799999999999997e-15,-99.9,0.0,-99.0,-99.0,-99.0,0.11,-0.24,0.68,150.12685816299998,1.7751008925,/Users/linaflorez/Desktop/ObsCos/COSMOS_research/Restart/FITS_FILES/150.12685816299998/cutout-HSC-G-9813-pdr2_dud-200225-082350.fits,/Users/linaflorez/Desktop/ObsCos/COSMOS_research/Restart/FITS_FILES/150.12685816299998/cutout-HSC-R-9813-pdr2_dud-200225-082400.fits,/Users/linaflorez/Desktop/ObsCos/COSMOS_research/Restart/FITS_FILES/150.12685816299998/cutout-HSC-I-9813-pdr2_dud-200225-082411.fits,/Users/linaflorez/Desktop/ObsCos/COSMOS_research/Restart/FITS_FILES/150.12685816299998/cutout-HSC-Y-9813-pdr2_dud-200225-082426.fits,/Users/linaflorez/Desktop/ObsCos/COSMOS_research/Restart/FITS_FILES/150.12685816299998/cutout-HSC-Z-9813-pdr2_dud-200225-082418.fits
55,b'cid_34   ',150.3015499717,2.2822174863,0.134,218.99,0.00057,6.330000000000001e-05,8.95e-15,9.939999e-16,9.0,170.93,96.31,12.95,217.68,0.00041799998,5.0500003e-05,2.6500002e-15,3.2e-16,8.29,167.87,69.5,11.06,31.91,0.000155,3.9900002e-05,4.7100000000000004e-15,1.21e-15,3.88,172.75,27.12,7.08,-0.46,-0.62,-0.29,150.3015499717,2.2822174863,/Users/linaflorez/Desktop/ObsCos/COSMOS_research/Restart/FITS_FILES/150.3015499717/cutout-HSC-G-9813-pdr2_dud-200225-082618.fits,/Users/linaflorez/Desktop/ObsCos/COSMOS_research/Restart/FITS_FILES/150.3015499717/cutout-HSC-R-9813-pdr2_dud-200225-082628.fits,/Users/linaflorez/Desktop/ObsCos/COSMOS_research/Restart/FITS_FILES/150.3015499717/cutout-HSC-I-9813-pdr2_dud-200225-082636.fits,/Users/linaflorez/Desktop/ObsCos/COSMOS_research/Restart/FITS_FILES/150.3015499717/cutout-HSC-Y-9813-pdr2_dud-200225-082653.fits,/Users/linaflorez/Desktop/ObsCos/COSMOS_research/Restart/FITS_FILES/150.3015499717/cutout-HSC-Z-9813-pdr2_dud-200225-082644.fits
56,b'cid_3440 ',149.8893899768,1.9660288897,0.885,14.48,5.9899998e-05,3.2200000000000003e-05,9.4e-16,5.059999999999998e-16,1.86,163.11,9.78,4.45,22.41,6.52e-05,2.3800001e-05,4.13e-16,1.51e-16,2.74,162.32,10.49,4.59,-99.0,3.2899999999999987e-05,-99.0,1e-15,-99.0,0.0,-99.0,-99.0,-99.0,-99.0,-99.0,-0.81,149.8893899768,1.9660288897,/Users/linaflorez/Desktop/ObsCos/COSMOS_research/Restart/FITS_FILES/149.8893899768/cutout-HSC-G-9813-pdr2_dud-200225-082733.fits,/Users/linaflorez/Desktop/ObsCos/COSMOS_research/Restart/FITS_FILES/149.8893899768/cutout-HSC-R-9813-pdr2_dud-200225-082740.fits,/Users/linaflorez/Desktop/ObsCos/COSMOS_research/Restart/FITS_FILES/149.8893899768/cutout-HSC-I-9813-pdr2_dud-200225-082749.fits,/Users/linaflorez/Desktop/ObsCos/COSMOS_research/Restart/FITS_FILES/149.8893899768/cutout-HSC-Y-9813-pdr2_dud-200225-082806.fits,/Users/linaflorez/Desktop/ObsCos/COSMOS_research/Restart/FITS_FILES/149.8893899768/cutout-HSC-Z-9813-pdr2_dud-200225-082757.fits
58,b'cid_3529 ',149.82988,1.9907,0.906,20.64,0.000169,3.9299999999999986e-05,2.6500002e-15,6.1700003e-16,4.31,166.13,27.78,7.16,11.44,7.26e-05,2.4e-05,4.6e-16,1.52e-16,3.02,165.75,11.78,4.84,-99.0,0.0005099999999999999,-99.0,1.55e-14,-99.0,0.0,-99.0,-99.0,-99.0,-0.09,-0.31,0.18,149.82988,1.9907,/Users/linaflorez/Desktop/ObsCos/COSMOS_research/Restart/FITS_FILES/149.82988/cutout-HSC-G-9813-pdr2_dud-200225-082956.fits,/Users/linaflorez/Desktop/ObsCos/COSMOS_research/Restart/FITS_FILES/149.82988/cutout-HSC-R-9813-pdr2_dud-200225-083005.fits,/Users/linaflorez/Desktop/ObsCos/COSMOS_research/Restart/FITS_FILES/149.82988/cutout-HSC-I-9813-pdr2_dud-200225-083012.fits,/Users/linaflorez/Desktop/ObsCos/COSMOS_research/Restart/FITS_FILES/149.82988/cutout-HSC-Y-9813-pdr2_dud-200225-083027.fits,/Users/linaflorez/Desktop/ObsCos/COSMOS_research/Restart/FITS_FILES/149.82988/cutout-HSC-Z-9813-pdr2_dud-200225-083019.fits
59,b'cid_3777 ',150.3187299981,2.2476906851,0.774,26.72,0.000177,3.61e-05,2.7800000000000002e-15,5.669999999999999e-16,4.92,212.78,40.61,8.56,23.17,0.000138,2.72e-05,8.75e-16,1.72e-16,5.07,208.28,30.9,7.52,17.76,0.000121000005,3e-05,3.68e-15,9.119999999999998e-16,4.04,218.23,28.84,7.28,-0.13,-0.33,0.11,150.3187299981,2.2476906851,/Users/linaflorez/Desktop/ObsCos/COSMOS_research/Restart/FITS_FILES/150.3187299981/cutout-HSC-G-9813-pdr2_dud-200225-083105.fits,/Users/linaflorez/Desktop/ObsCos/COSMOS_research/Restart/FITS_FILES/150.3187299981/cutout-HSC-R-9813-pdr2_dud-200225-083113.fits,/Users/linaflorez/Desktop/ObsCos/COSMOS_research/Restart/FITS_FILES/150.3187299981/cutout-HSC-I-9813-pdr2_dud-200225-083121.fits,/Users/linaflorez/Desktop/ObsCos/COSMOS_research/Restart/FITS_FILES/150.3187299981/cutout-HSC-Y-9813-pdr2_dud-200225-083137.fits,/Users/linaflorez/Desktop/ObsCos/COSMOS_research/Restart/FITS_FILES/150.3187299981/cutout-HSC-Z-9813-pdr2_dud-200225-083128.fits
61,b'cid_657  ',150.3159799771,2.3999616824000003,0.625,32.68,0.000226,4.55e-05,3.55e-15,7.139999600000002e-16,4.96,169.01,35.92,8.08,23.82,0.00013000000000000002,3.1400003e-05,8.2399995e-16,1.99e-16,4.15,167.39,20.39,6.2,11.28,0.00010700001,3.46e-05,3.25e-15,1.0499999000000001e-15,3.09,167.97,17.57,5.79,-0.18,-0.44,0.12,150.3159799771,2.3999616824000003,/Users/linaflorez/Desktop/ObsCos/COSMOS_research/Restart/FITS_FILES/150.3159799771/cutout-HSC-G-9813-pdr2_dud-200225-083330.fits,/Users/linaflorez/Desktop/ObsCos/COSMOS_research/Restart/FITS_FILES/150.3159799771/cutout-HSC-R-9813-pdr2_dud-200225-083339.fits,/Users/linaflorez/Desktop/ObsCos/COSMOS_research/Restart/FITS_FILES/150.3159799771/cutout-HSC-I-9813-pdr2_dud-200225-083346.fits,/Users/linaflorez/Desktop/ObsCos/COSMOS_research/Restart/FITS_FILES/150.3159799771/cutout-HSC-Y-9813-pdr2_dud-200225-083402.fits,/Users/linaflorez/Desktop/ObsCos/COSMOS_research/Restart/FITS_FILES/150.3159799771/cutout-HSC-Z-9813-pdr2_dud-200225-083353.fits
62,b'cid_700  ',149.8515099905,2.4268577043,0.276,48.07,0.000208,4.2700000000000015e-05,3.2700000000000003e-15,6.7e-16,4.88,196.51,32.81,7.74,17.94,7.56e-05,2.5e-05,4.79e-16,1.5800001e-16,3.03,185.45,11.74,4.83,30.61,0.000144,3.63e-05,4.379999999999999e-15,1.1e-15,3.97,199.32,23.31,6.6,0.17,-0.09,0.46,149.8515099905,2.4268577043,/Users/linaflorez/Desktop/ObsCos/COSMOS_research/Restart/FITS_FILES/149.8515099905/cutout-HSC-G-9813-pdr2_dud-200225-083439.fits,/Users/linaflorez/Desktop/ObsCos/COSMOS_research/Restart/FITS_FILES/149.8515099905/cutout-HSC-R-9813-pdr2_dud-200225-083448.fits,/Users/linaflorez/Desktop/ObsCos/COSMOS_research/Restart/FITS_FILES/149.8515099905/cutout-HSC-I-9813-pdr2_dud-200225-083456.fits,/Users/linaflorez/Desktop/ObsCos/COSMOS_research/Restart/FITS_FILES/149.8515099905/cutout-HSC-Y-9813-pdr2_dud-200225-083512.fits,/Users/linaflorez/Desktop/ObsCos/COSMOS_research/Restart/FITS_FILES/149.8515099905/cutout-HSC-Z-9813-pdr2_dud-200225-083503.fits
63,b'cid_707  ',150.0364099643,2.3210737903,0.462,49.97,0.000276,4.63e-05,4.33e-15,7.27e-16,5.95,174.17,44.78,8.97,26.32,0.000146,3.16e-05,9.26e-16,2e-16,4.62,173.45,23.38,6.61,21.23,0.000113,3.33e-05,3.44e-15,1.01e-15,3.41,173.51,18.91,5.99,-0.2,-0.45,0.09,150.0364099643,2.3210737903,/Users/linaflorez/Desktop/ObsCos/COSMOS_research/Restart/FITS_FILES/150.0364099643/cutout-HSC-G-9813-pdr2_dud-200225-083549.fits,/Users/linaflorez/Desktop/ObsCos/COSMOS_research/Restart/FITS_FILES/150.0364099643/cutout-HSC-R-9813-pdr2_dud-200225-083556.fits,/Users/linaflorez/Desktop/ObsCos/COSMOS_research/Restart/FITS_FILES/150.0364099643/cutout-HSC-I-9813-pdr2_dud-200225-083604.fits,/Users/linaflorez/Desktop/ObsCos/COSMOS_research/Restart/FITS_FILES/150.0364099643/cutout-HSC-Y-9813-pdr2_dud-200225-083619.fits,/Users/linaflorez/Desktop/ObsCos/COSMOS_research/Restart/FITS_FILES/150.0364099643/cutout-HSC-Z-9813-pdr2_dud-200225-083611.fits
64,b'cid_708  ',150.0522799732,2.3693448682,0.197,82.28,0.000328,5.02e-05,5.15e-15,7.88e-16,6.53,166.5,51.87,9.62,68.06,0.000204,3.71e-05,1.2899999e-15,2.35e-16,5.5,166.14,31.8,7.63,20.1,0.000117999996,3.43e-05,3.5899999999999996e-15,1.04e-15,3.44,167.5,19.14,6.02,-0.31,-0.53,-0.05,150.0522799732,2.3693448682,/Users/linaflorez/Desktop/ObsCos/COSMOS_research/Restart/FITS_FILES/150.0522799732/cutout-HSC-G-9813-pdr2_dud-200225-083702.fits,/Users/linaflorez/Desktop/ObsCos/COSMOS_research/Restart/FITS_FILES/150.0522799732/cutout-HSC-R-9813-pdr2_dud-200225-083710.fits,/Users/linaflorez/Desktop/ObsCos/COSMOS_research/Restart/FITS_FILES/150.0522799732/cutout-HSC-I-9813-pdr2_dud-200225-083718.fits,/Users/linaflorez/Desktop/ObsCos/COSMOS_research/Restart/FITS_FILES/150.0522799732/cutout-HSC-Y-9813-pdr2_dud-200225-083735.fits,/Users/linaflorez/Desktop/ObsCos/COSMOS_research/Restart/FITS_FILES/150.0522799732/cutout-HSC-Z-9813-pdr2_dud-200225-083727.fits
66,b'cid_735  ',150.06365916,1.7773736653,0.526,38.24,0.000193,3.63e-05,3.16e-15,5.940000000000001e-16,5.33,175.47,29.75,7.39,24.11,9.3999995e-05,2.56e-05,6.44e-16,1.75e-16,3.66,171.13,15.31,5.44,14.98,9.93e-05,2.9600000000000005e-05,3.03e-15,9.029999999999999e-16,3.36,172.55,17.22,5.74,0.07,-0.11,0.28,150.06365916,1.7773736653,/Users/linaflorez/Desktop/ObsCos/COSMOS_research/Restart/FITS_FILES/150.06365916/cutout-HSC-G-9813-pdr2_dud-200225-083933.fits,/Users/linaflorez/Desktop/ObsCos/COSMOS_research/Restart/FITS_FILES/150.06365916/cutout-HSC-R-9813-pdr2_dud-200225-083942.fits,/Users/linaflorez/Desktop/ObsCos/COSMOS_research/Restart/FITS_FILES/150.06365916/cutout-HSC-I-9813-pdr2_dud-200225-083950.fits,/Users/linaflorez/Desktop/ObsCos/COSMOS_research/Restart/FITS_FILES/150.06365916/cutout-HSC-Y-9813-pdr2_dud-200225-084006.fits,/Users/linaflorez/Desktop/ObsCos/COSMOS_research/Restart/FITS_FILES/150.06365916/cutout-HSC-Z-9813-pdr2_dud-200225-083958.fits
67,b'cid_755  ',150.36993998280002,2.3438832745,0.526,34.64,0.000189,4.16e-05,2.9700001e-15,6.530000400000002e-16,4.55,162.09,29.37,7.35,33.07,0.000132,3.1199997e-05,8.369999999999999e-16,1.98e-16,4.23,161.23,20.18,6.17,-99.0,0.00022999999,-99.0,6.989999600000001e-15,-99.0,0.0,-99.0,-99.0,-99.0,-0.5,-0.74,-0.18,150.36993998280002,2.3438832745,/Users/linaflorez/Desktop/ObsCos/COSMOS_research/Restart/FITS_FILES/150.36993998280002/cutout-HSC-G-9813-pdr2_dud-200225-084046.fits,/Users/linaflorez/Desktop/ObsCos/COSMOS_research/Restart/FITS_FILES/150.36993998280002/cutout-HSC-R-9813-pdr2_dud-200225-084056.fits,/Users/linaflorez/Desktop/ObsCos/COSMOS_research/Restart/FITS_FILES/150.36993998280002/cutout-HSC-I-9813-pdr2_dud-200225-084104.fits,/Users/linaflorez/Desktop/ObsCos/COSMOS_research/Restart/FITS_FILES/150.36993998280002/cutout-HSC-Y-9813-pdr2_dud-200225-084122.fits,/Users/linaflorez/Desktop/ObsCos/COSMOS_research/Restart/FITS_FILES/150.36993998280002/cutout-HSC-Z-9813-pdr2_dud-200225-084113.fits
68,b'cid_792  ',150.0305399709,2.5483153253,0.246,18.95,0.000169,4.5599998e-05,2.6500002e-15,7.1599997e-16,3.69,218.29,25.77,6.91,11.82,9.5699994e-05,3.0199999e-05,6.07e-16,1.91e-16,3.16,207.21,14.31,5.28,8.1,8.689999e-05,3.61e-05,2.64e-15,1.1e-15,2.41,232.1,13.85,5.2,-0.17,-0.51,0.17,150.0305399709,2.5483153253,/Users/linaflorez/Desktop/ObsCos/COSMOS_research/Restart/FITS_FILES/150.0305399709/cutout-HSC-G-9813-pdr2_dud-200225-084214.fits,/Users/linaflorez/Desktop/ObsCos/COSMOS_research/Restart/FITS_FILES/150.0305399709/cutout-HSC-R-9813-pdr2_dud-200225-084222.fits,/Users/linaflorez/Desktop/ObsCos/COSMOS_research/Restart/FITS_FILES/150.0305399709/cutout-HSC-I-9813-pdr2_dud-200225-084232.fits,/Users/linaflorez/Desktop/ObsCos/COSMOS_research/Restart/FITS_FILES/150.0305399709/cutout-HSC-Y-9813-pdr2_dud-200225-084250.fits,/Users/linaflorez/Desktop/ObsCos/COSMOS_research/Restart/FITS_FILES/150.0305399709/cutout-HSC-Z-9813-pdr2_dud-200225-084241.fits
71,b'cid_813  ',149.9832199963,1.9478939969,1.301,13.16,9.25e-05,3.5e-05,1.45e-15,5.5e-16,2.65,170.4,14.76,5.35,-99.0,0.000199,-99.0,1.2599999e-15,-99.0,0.0,-99.0,-99.0,-99.0,-99.0,0.000273,-99.0,8.3000005e-15,-99.0,0.0,-99.0,-99.0,-99.0,0.28,0.03,0.6,149.9832199963,1.9478939969,/Users/linaflorez/Desktop/ObsCos/COSMOS_research/Restart/FITS_FILES/149.9832199963/cutout-HSC-G-9813-pdr2_dud-200225-084604.fits,/Users/linaflorez/Desktop/ObsCos/COSMOS_research/Restart/FITS_FILES/149.9832199963/cutout-HSC-R-9813-pdr2_dud-200225-084611.fits,/Users/linaflorez/Desktop/ObsCos/COSMOS_research/Restart/FITS_FILES/149.9832199963/cutout-HSC-I-9813-pdr2_dud-200225-084620.fits,/Users/linaflorez/Desktop/ObsCos/COSMOS_research/Restart/FITS_FILES/149.9832199963/cutout-HSC-Y-9813-pdr2_dud-200225-084636.fits,/Users/linaflorez/Desktop/ObsCos/COSMOS_research/Restart/FITS_FILES/149.9832199963/cutout-HSC-Z-9813-pdr2_dud-200225-084628.fits
74,b'cid_82   ',150.208439998,2.4147135687,0.664,35.02,0.000199,4.15e-05,3.12e-15,6.519999999999998e-16,4.79,167.37,33.02,7.76,31.02,0.000126,2.99e-05,7.990000000000001e-16,1.8999999999999998e-16,4.23,166.53,20.72,6.25,8.91,7.65e-05,3.04e-05,2.33e-15,9.24e-16,2.52,167.22,13.09,5.07,-0.34,-0.64,-0.02,150.208439998,2.4147135687,/Users/linaflorez/Desktop/ObsCos/COSMOS_research/Restart/FITS_FILES/150.208439998/cutout-HSC-G-9813-pdr2_dud-200225-084939.fits,/Users/linaflorez/Desktop/ObsCos/COSMOS_research/Restart/FITS_FILES/150.208439998/cutout-HSC-R-9813-pdr2_dud-200225-084947.fits,/Users/linaflorez/Desktop/ObsCos/COSMOS_research/Restart/FITS_FILES/150.208439998/cutout-HSC-I-9813-pdr2_dud-200225-084955.fits,/Users/linaflorez/Desktop/ObsCos/COSMOS_research/Restart/FITS_FILES/150.208439998/cutout-HSC-Y-9813-pdr2_dud-200225-085011.fits,/Users/linaflorez/Desktop/ObsCos/COSMOS_research/Restart/FITS_FILES/150.208439998/cutout-HSC-Z-9813-pdr2_dud-200225-085003.fits
75,b'cid_861  ',149.91368997889998,2.2465036297,0.39,58.41,0.00035,5.42e-05,5.4899996e-15,8.51e-16,6.45,192.09,60.6,10.36,43.51,0.000187,3.64e-05,1.1900001e-15,2.31e-16,5.15,188.36,31.85,7.63,16.78,0.000164,4.14e-05,4.99e-15,1.2599999e-15,3.94,198.03,29.5,7.36,-0.12,-0.33,0.11,149.91368997889998,2.2465036297,/Users/linaflorez/Desktop/ObsCos/COSMOS_research/Restart/FITS_FILES/149.91368997889998/cutout-HSC-G-9813-pdr2_dud-200225-085047.fits,/Users/linaflorez/Desktop/ObsCos/COSMOS_research/Restart/FITS_FILES/149.91368997889998/cutout-HSC-R-9813-pdr2_dud-200225-085056.fits,/Users/linaflorez/Desktop/ObsCos/COSMOS_research/Restart/FITS_FILES/149.91368997889998/cutout-HSC-I-9813-pdr2_dud-200225-085105.fits,/Users/linaflorez/Desktop/ObsCos/COSMOS_research/Restart/FITS_FILES/149.91368997889998/cutout-HSC-Y-9813-pdr2_dud-200225-085122.fits,/Users/linaflorez/Desktop/ObsCos/COSMOS_research/Restart/FITS_FILES/149.91368997889998/cutout-HSC-Z-9813-pdr2_dud-200225-085113.fits
76,b'cid_884  ',149.8452400004,2.2791557185,0.611,29.37,0.000139,3.74e-05,2.18e-15,5.8699997e-16,3.71,161.1,20.58,6.23,13.81,5.380000200000001e-05,2.22e-05,3.41e-16,1.41e-16,2.42,164.19,7.88,4.06,13.34,8.7e-05,3.1199997e-05,2.64e-15,9.479999e-16,2.78,163.18,13.21,5.09,0.02,-0.35,0.4,149.8452400004,2.2791557184999998,/Users/linaflorez/Desktop/ObsCos/COSMOS_research/Restart/FITS_FILES/149.8452400004/cutout-HSC-G-9813-pdr2_dud-200225-085202.fits,/Users/linaflorez/Desktop/ObsCos/COSMOS_research/Restart/FITS_FILES/149.8452400004/cutout-HSC-R-9813-pdr2_dud-200225-085210.fits,/Users/linaflorez/Desktop/ObsCos/COSMOS_research/Restart/FITS_FILES/149.8452400004/cutout-HSC-I-9813-pdr2_dud-200225-085219.fits,/Users/linaflorez/Desktop/ObsCos/COSMOS_research/Restart/FITS_FILES/149.8452400004/cutout-HSC-Y-9813-pdr2_dud-200225-085237.fits,/Users/linaflorez/Desktop/ObsCos/COSMOS_research/Restart/FITS_FILES/149.8452400004/cutout-HSC-Z-9813-pdr2_dud-200225-085227.fits
77,b'cid_892  ',150.0465399613,2.3674578755,0.381,11.68,9.82e-05,3.1400003e-05,1.5399999e-15,4.929999599999998e-16,3.12,167.7,15.56,5.48,10.07,6.620000000000001e-05,2.25e-05,4.2e-16,1.4299998999999998e-16,2.93,166.98,10.35,4.57,-99.0,0.00029300002,-99.0,8.91e-15,-99.0,0.0,-99.0,-99.0,-99.0,-0.47,-0.74,-0.22,150.0465399613,2.3674578755,/Users/linaflorez/Desktop/ObsCos/COSMOS_research/Restart/FITS_FILES/150.0465399613/cutout-HSC-G-9813-pdr2_dud-200225-085322.fits,/Users/linaflorez/Desktop/ObsCos/COSMOS_research/Restart/FITS_FILES/150.0465399613/cutout-HSC-R-9813-pdr2_dud-200225-085330.fits,/Users/linaflorez/Desktop/ObsCos/COSMOS_research/Restart/FITS_FILES/150.0465399613/cutout-HSC-I-9813-pdr2_dud-200225-085338.fits,/Users/linaflorez/Desktop/ObsCos/COSMOS_research/Restart/FITS_FILES/150.0465399613/cutout-HSC-Y-9813-pdr2_dud-200225-085353.fits,/Users/linaflorez/Desktop/ObsCos/COSMOS_research/Restart/FITS_FILES/150.0465399613/cutout-HSC-Z-9813-pdr2_dud-200225-085345.fits
78,b'cid_950  ',150.260759988,2.1179492088,0.537,30.4,0.000132,2.97e-05,2.0699998999999997e-15,4.66e-16,4.45,221.84,29.06,7.31,-99.0,0.000166,-99.0,1.0499999000000001e-15,-99.0,0.0,-99.0,-99.0,-99.0,-99.0,0.000145,-99.0,4.41e-15,-99.0,0.0,-99.0,-99.0,-99.0,-99.0,-99.0,-0.47,150.260759988,2.1179492088,/Users/linaflorez/Desktop/ObsCos/COSMOS_research/Restart/FITS_FILES/150.260759988/cutout-HSC-G-9813-pdr2_dud-200225-085440.fits,/Users/linaflorez/Desktop/ObsCos/COSMOS_research/Restart/FITS_FILES/150.260759988/cutout-HSC-R-9813-pdr2_dud-200225-085448.fits,/Users/linaflorez/Desktop/ObsCos/COSMOS_research/Restart/FITS_FILES/150.260759988/cutout-HSC-I-9813-pdr2_dud-200225-085458.fits,/Users/linaflorez/Desktop/ObsCos/COSMOS_research/Restart/FITS_FILES/150.260759988/cutout-HSC-Y-9813-pdr2_dud-200225-085516.fits,/Users/linaflorez/Desktop/ObsCos/COSMOS_research/Restart/FITS_FILES/150.260759988/cutout-HSC-Z-9813-pdr2_dud-200225-085507.fits
79,b'cid_973  ',150.3354199901,2.3438742316,1.16,12.47,0.000126,4.06e-05,1.9800000000000002e-15,6.37e-16,3.1,203.55,25.49,6.88,-99.0,0.000134,-99.0,8.5e-16,-99.0,0.0,-99.0,-99.0,-99.0,6.04,8.2e-05,3.44e-05,2.49e-15,1.0499999000000001e-15,2.38,209.81,17.41,5.77,0.5,0.28,0.74,150.3354199901,2.3438742316,/Users/linaflorez/Desktop/ObsCos/COSMOS_research/Restart/FITS_FILES/150.3354199901/cutout-HSC-G-9813-pdr2_dud-200225-085556.fits,/Users/linaflorez/Desktop/ObsCos/COSMOS_research/Restart/FITS_FILES/150.3354199901/cutout-HSC-R-9813-pdr2_dud-200225-085605.fits,/Users/linaflorez/Desktop/ObsCos/COSMOS_research/Restart/FITS_FILES/150.3354199901/cutout-HSC-I-9813-pdr2_dud-200225-085613.fits,/Users/linaflorez/Desktop/ObsCos/COSMOS_research/Restart/FITS_FILES/150.3354199901/cutout-HSC-Y-9813-pdr2_dud-200225-085628.fits,/Users/linaflorez/Desktop/ObsCos/COSMOS_research/Restart/FITS_FILES/150.3354199901/cutout-HSC-Z-9813-pdr2_dud-200225-085621.fits
80,b'cid_992  ',150.1166999684,2.4250471996000003,0.866,23.07,0.00021400001,5.84e-05,3.36e-15,9.17e-16,3.68,147.24,28.49,7.24,20.82,0.00014099999999999998,3.94e-05,8.94e-16,2.5e-16,3.59,145.33,18.43,5.92,-99.0,0.000245,-99.0,7.4499995e-15,-99.0,0.0,-99.0,-99.0,-99.0,-0.37,-0.65,-0.15,150.1166999684,2.4250471996000003,/Users/linaflorez/Desktop/ObsCos/COSMOS_research/Restart/FITS_FILES/150.1166999684/cutout-HSC-G-9813-pdr2_dud-200225-085707.fits,/Users/linaflorez/Desktop/ObsCos/COSMOS_research/Restart/FITS_FILES/150.1166999684/cutout-HSC-R-9813-pdr2_dud-200225-085714.fits,/Users/linaflorez/Desktop/ObsCos/COSMOS_research/Restart/FITS_FILES/150.1166999684/cutout-HSC-I-9813-pdr2_dud-200225-085723.fits,/Users/linaflorez/Desktop/ObsCos/COSMOS_research/Restart/FITS_FILES/150.1166999684/cutout-HSC-Y-9813-pdr2_dud-200225-085740.fits,/Users/linaflorez/Desktop/ObsCos/COSMOS_research/Restart/FITS_FILES/150.1166999684/cutout-HSC-Z-9813-pdr2_dud-200225-085731.fits
81,b'lid_1414 ',150.458793021,1.8594495551,0.276,89.52,0.00042399997,6.03e-05,7.25e-15,1.03e-15,7.03,159.48,48.71,9.33,53.37,0.000218,4.5e-05,1.6100000000000001e-15,3.33e-16,4.86,143.39,29.28,7.34,34.63,0.00020499999,4.3000004e-05,6.270000000000001e-15,1.32e-15,4.76,172.08,29.8,7.4,0.13,-0.06,0.36,150.458793021,1.8594495550999999,/Users/linaflorez/Desktop/ObsCos/COSMOS_research/Restart/FITS_FILES/150.458793021/cutout-HSC-G-9813-pdr2_dud-200225-085823.fits,/Users/linaflorez/Desktop/ObsCos/COSMOS_research/Restart/FITS_FILES/150.458793021/cutout-HSC-R-9813-pdr2_dud-200225-085831.fits,/Users/linaflorez/Desktop/ObsCos/COSMOS_research/Restart/FITS_FILES/150.458793021/cutout-HSC-I-9813-pdr2_dud-200225-085840.fits,/Users/linaflorez/Desktop/ObsCos/COSMOS_research/Restart/FITS_FILES/150.458793021/cutout-HSC-Y-9813-pdr2_dud-200225-085858.fits,/Users/linaflorez/Desktop/ObsCos/COSMOS_research/Restart/FITS_FILES/150.458793021/cutout-HSC-Z-9813-pdr2_dud-200225-085849.fits
82,b'lid_1490 ',150.46088734399999,1.92274328599,0.336,35.81,0.000145,3.78e-05,2.48e-15,6.46e-16,3.84,171.2,21.59,6.37,20.7,8.329999999999999e-05,2.82e-05,6.1600000000000005e-16,2.0899999e-16,2.96,168.16,11.36,4.76,14.09,7.85e-05,3.09e-05,2.4e-15,9.46e-16,2.54,173.43,10.13,4.52,-0.06,-0.3,0.28,150.46088734399999,1.92274328599,/Users/linaflorez/Desktop/ObsCos/COSMOS_research/Restart/FITS_FILES/150.46088734399999/cutout-HSC-G-9813-pdr2_dud-200225-085935.fits,/Users/linaflorez/Desktop/ObsCos/COSMOS_research/Restart/FITS_FILES/150.46088734399999/cutout-HSC-R-9813-pdr2_dud-200225-085943.fits,/Users/linaflorez/Desktop/ObsCos/COSMOS_research/Restart/FITS_FILES/150.46088734399999/cutout-HSC-I-9813-pdr2_dud-200225-085952.fits,/Users/linaflorez/Desktop/ObsCos/COSMOS_research/Restart/FITS_FILES/150.46088734399999/cutout-HSC-Y-9813-pdr2_dud-200225-090008.fits,/Users/linaflorez/Desktop/ObsCos/COSMOS_research/Restart/FITS_FILES/150.46088734399999/cutout-HSC-Z-9813-pdr2_dud-200225-090000.fits
83,b'lid_1987 ',150.323322894,2.51182864883,1.129,11.56,8.97e-05,3.06e-05,1.53e-15,5.23e-16,2.93,165.93,12.07,4.89,17.59,9.6899996e-05,3.01e-05,7.17e-16,2.2299999999999998e-16,3.22,165.0,11.32,4.75,-99.9,6.459999999999997e-05,-99.9,1.9800000000000002e-15,-99.9,0.0,-99.0,-99.0,-99.0,-99.0,-99.0,-0.66,150.323322894,2.51182864883,/Users/linaflorez/Desktop/ObsCos/COSMOS_research/Restart/FITS_FILES/150.323322894/cutout-HSC-G-9813-pdr2_dud-200225-090048.fits,/Users/linaflorez/Desktop/ObsCos/COSMOS_research/Restart/FITS_FILES/150.323322894/cutout-HSC-R-9813-pdr2_dud-200225-090057.fits,/Users/linaflorez/Desktop/ObsCos/COSMOS_research/Restart/FITS_FILES/150.323322894/cutout-HSC-I-9813-pdr2_dud-200225-090106.fits,/Users/linaflorez/Desktop/ObsCos/COSMOS_research/Restart/FITS_FILES/150.323322894/cutout-HSC-Y-9813-pdr2_dud-200225-090124.fits,/Users/linaflorez/Desktop/ObsCos/COSMOS_research/Restart/FITS_FILES/150.323322894/cutout-HSC-Z-9813-pdr2_dud-200225-090114.fits
84,b'lid_1991 ',150.147919755,2.69045044493,0.919,15.13,0.000121000005,3.37e-05,2.0699998999999997e-15,5.7600003e-16,3.58,166.39,20.23,6.18,19.41,8.1700004e-05,2.49e-05,6.05e-16,1.84e-16,3.28,164.32,13.62,5.16,-99.9,9.63e-05,-99.9,2.95e-15,-99.9,0.0,-99.0,-99.0,-99.0,-0.42,-0.68,-0.08,150.147919755,2.6904504449299997,/Users/linaflorez/Desktop/ObsCos/COSMOS_research/Restart/FITS_FILES/150.147919755/cutout-HSC-G-9813-pdr2_dud-200225-090157.fits,/Users/linaflorez/Desktop/ObsCos/COSMOS_research/Restart/FITS_FILES/150.147919755/cutout-HSC-R-9813-pdr2_dud-200225-090204.fits,/Users/linaflorez/Desktop/ObsCos/COSMOS_research/Restart/FITS_FILES/150.147919755/cutout-HSC-I-9813-pdr2_dud-200225-090212.fits,/Users/linaflorez/Desktop/ObsCos/COSMOS_research/Restart/FITS_FILES/150.147919755/cutout-HSC-Y-9813-pdr2_dud-200225-090227.fits,/Users/linaflorez/Desktop/ObsCos/COSMOS_research/Restart/FITS_FILES/150.147919755/cutout-HSC-Z-9813-pdr2_dud-200225-090220.fits
85,b'lid_2001 ',150.033082847,2.58545037542,0.253,14.83,0.000146,4.24e-05,2.5e-15,7.25e-16,3.45,160.69,28.85,7.29,10.0,0.000111,3.69e-05,8.210000000000001e-16,2.73e-16,3.02,150.92,19.24,6.04,-99.9,0.000113999995,-99.9,3.49e-15,-99.9,0.0,-99.0,-99.0,-99.0,-0.55,-0.78,-0.26,150.033082847,2.58545037542,/Users/linaflorez/Desktop/ObsCos/COSMOS_research/Restart/FITS_FILES/150.033082847/cutout-HSC-G-9813-pdr2_dud-200225-090310.fits,/Users/linaflorez/Desktop/ObsCos/COSMOS_research/Restart/FITS_FILES/150.033082847/cutout-HSC-R-9813-pdr2_dud-200225-090317.fits,/Users/linaflorez/Desktop/ObsCos/COSMOS_research/Restart/FITS_FILES/150.033082847/cutout-HSC-I-9813-pdr2_dud-200225-090326.fits,/Users/linaflorez/Desktop/ObsCos/COSMOS_research/Restart/FITS_FILES/150.033082847/cutout-HSC-Y-9813-pdr2_dud-200225-090342.fits,/Users/linaflorez/Desktop/ObsCos/COSMOS_research/Restart/FITS_FILES/150.033082847/cutout-HSC-Z-9813-pdr2_dud-200225-090335.fits
86,b'lid_2514 ',150.10134093899998,1.74652056442,0.607,12.6,0.000109,3.3199998e-05,1.8600000000000002e-15,5.679999700000002e-16,3.29,181.14,17.29,5.75,13.36,7.48e-05,2.48e-05,5.54e-16,1.84e-16,3.01,177.88,11.26,4.74,-99.9,0.00010499999,-99.9,3.2100001e-15,-99.9,0.0,-99.0,-99.0,-99.0,-0.12,-0.39,0.22,150.10134093899998,1.74652056442,/Users/linaflorez/Desktop/ObsCos/COSMOS_research/Restart/FITS_FILES/150.10134093899998/cutout-HSC-G-9813-pdr2_dud-200225-090436.fits,/Users/linaflorez/Desktop/ObsCos/COSMOS_research/Restart/FITS_FILES/150.10134093899998/cutout-HSC-R-9813-pdr2_dud-200225-090444.fits,/Users/linaflorez/Desktop/ObsCos/COSMOS_research/Restart/FITS_FILES/150.10134093899998/cutout-HSC-I-9813-pdr2_dud-200225-090454.fits,/Users/linaflorez/Desktop/ObsCos/COSMOS_research/Restart/FITS_FILES/150.10134093899998/cutout-HSC-Y-9813-pdr2_dud-200225-090512.fits,/Users/linaflorez/Desktop/ObsCos/COSMOS_research/Restart/FITS_FILES/150.10134093899998/cutout-HSC-Z-9813-pdr2_dud-200225-090503.fits
87,b'lid_2790 ',150.496816511,2.0053527949000003,0.691,12.96,9.39e-05,3.34e-05,1.6100000000000001e-15,5.71e-16,2.81,168.05,12.94,5.04,10.41,7.4e-05,2.9e-05,5.48e-16,2.15e-16,2.55,160.35,8.66,4.23,-99.9,9.3500006e-05,-99.9,2.8600000000000003e-15,-99.9,0.0,-99.0,-99.0,-99.0,-0.49,-0.72,-0.24,150.496816511,2.0053527949000003,/Users/linaflorez/Desktop/ObsCos/COSMOS_research/Restart/FITS_FILES/150.496816511/cutout-HSC-G-9813-pdr2_dud-200225-191133.fits,/Users/linaflorez/Desktop/ObsCos/COSMOS_research/Restart/FITS_FILES/150.496816511/cutout-HSC-R-9813-pdr2_dud-200225-191143.fits,/Users/linaflorez/Desktop/ObsCos/COSMOS_research/Restart/FITS_FILES/150.496816511/cutout-HSC-I-9813-pdr2_dud-200225-191151.fits,/Users/linaflorez/Desktop/ObsCos/COSMOS_research/Restart/FITS_FILES/150.496816511/cutout-HSC-Y-9813-pdr2_dud-200225-191210.fits,/Users/linaflorez/Desktop/ObsCos/COSMOS_research/Restart/FITS_FILES/150.496816511/cutout-HSC-Z-9813-pdr2_dud-200225-191200.fits
88,b'lid_2792 ',150.541517906,2.06299474243,0.611,26.04,0.000296,5.98e-05,5.06e-15,1.0199999e-15,4.95,149.0,41.58,8.66,12.38,0.00013300001,4.4200002e-05,9.84e-16,3.27e-16,3.0,138.25,17.24,5.74,-99.9,0.000152,-99.9,4.65e-15,-99.9,0.0,-99.0,-99.0,-99.0,-0.11,-0.48,0.36,150.541517906,2.06299474243,/Users/linaflorez/Desktop/ObsCos/COSMOS_research/Restart/FITS_FILES/150.541517906/cutout-HSC-G-9813-pdr2_dud-200225-191244.fits,/Users/linaflorez/Desktop/ObsCos/COSMOS_research/Restart/FITS_FILES/150.541517906/cutout-HSC-R-9813-pdr2_dud-200225-191252.fits,/Users/linaflorez/Desktop/ObsCos/COSMOS_research/Restart/FITS_FILES/150.541517906/cutout-HSC-I-9813-pdr2_dud-200225-191302.fits,/Users/linaflorez/Desktop/ObsCos/COSMOS_research/Restart/FITS_FILES/150.541517906/cutout-HSC-Y-9813-pdr2_dud-200225-191319.fits,/Users/linaflorez/Desktop/ObsCos/COSMOS_research/Restart/FITS_FILES/150.541517906/cutout-HSC-Z-9813-pdr2_dud-200225-191310.fits
89,b'lid_2795 ',150.58658014,2.18381873383,0.166,16.99,0.00014099999999999998,3.63e-05,2.4100002e-15,6.21e-16,3.87,159.61,18.77,5.97,12.84,8.65e-05,2.7399999999999995e-05,6.4e-16,2.03e-16,3.16,151.65,11.29,4.75,-99.9,0.000113999995,-99.9,3.49e-15,-99.9,0.0,-99.0,-99.0,-99.0,-0.37,-0.67,0.03,150.58658014,2.18381873383,/Users/linaflorez/Desktop/ObsCos/COSMOS_research/Restart/FITS_FILES/150.58658014/cutout-HSC-G-9813-pdr2_dud-200225-191405.fits,/Users/linaflorez/Desktop/ObsCos/COSMOS_research/Restart/FITS_FILES/150.58658014/cutout-HSC-R-9813-pdr2_dud-200225-191413.fits,/Users/linaflorez/Desktop/ObsCos/COSMOS_research/Restart/FITS_FILES/150.58658014/cutout-HSC-I-9813-pdr2_dud-200225-191423.fits,/Users/linaflorez/Desktop/ObsCos/COSMOS_research/Restart/FITS_FILES/150.58658014/cutout-HSC-Y-9813-pdr2_dud-200225-191442.fits,/Users/linaflorez/Desktop/ObsCos/COSMOS_research/Restart/FITS_FILES/150.58658014/cutout-HSC-Z-9813-pdr2_dud-200225-191432.fits
90,b'lid_2964 ',150.306417639,2.44737214885,0.8270000000000001,8.23,0.000132,4.380000200000001e-05,2.26e-15,7.49e-16,3.02,169.3,16.74,5.67,-99.9,1.5900001e-05,-99.9,1.18e-16,-99.9,0.0,-99.0,-99.0,-99.0,12.15,0.000145,4.35e-05,4.4399999999999996e-15,1.3300000000000001e-15,3.34,176.28,19.23,6.04,-99.0,0.68,-99.0,150.306417639,2.44737214885,/Users/linaflorez/Desktop/ObsCos/COSMOS_research/Restart/FITS_FILES/150.306417639/cutout-HSC-G-9813-pdr2_dud-200225-191612.fits,/Users/linaflorez/Desktop/ObsCos/COSMOS_research/Restart/FITS_FILES/150.306417639/cutout-HSC-R-9813-pdr2_dud-200225-191621.fits,/Users/linaflorez/Desktop/ObsCos/COSMOS_research/Restart/FITS_FILES/150.306417639/cutout-HSC-I-9813-pdr2_dud-200225-191631.fits,/Users/linaflorez/Desktop/ObsCos/COSMOS_research/Restart/FITS_FILES/150.306417639/cutout-HSC-Y-9813-pdr2_dud-200225-191651.fits,/Users/linaflorez/Desktop/ObsCos/COSMOS_research/Restart/FITS_FILES/150.306417639/cutout-HSC-Z-9813-pdr2_dud-200225-191643.fits
92,b'lid_3027 ',150.38987345299998,2.6236964845,1.114,12.81,0.00011,3.4e-05,1.88e-15,5.81e-16,3.23,162.16,17.08,5.72,-99.9,7.56e-05,-99.9,5.5900003e-16,-99.9,0.0,-99.0,-99.0,-99.0,7.64,7.829999999999999e-05,3.0199999e-05,2.4e-15,9.24e-16,2.59,155.28,12.11,4.9,0.4,0.17,0.69,150.38987345299998,2.6236964845,/Users/linaflorez/Desktop/ObsCos/COSMOS_research/Restart/FITS_FILES/150.38987345299998/cutout-HSC-G-9813-pdr2_dud-200225-191920.fits,/Users/linaflorez/Desktop/ObsCos/COSMOS_research/Restart/FITS_FILES/150.38987345299998/cutout-HSC-R-9813-pdr2_dud-200225-191928.fits,/Users/linaflorez/Desktop/ObsCos/COSMOS_research/Restart/FITS_FILES/150.38987345299998/cutout-HSC-I-9813-pdr2_dud-200225-191937.fits,/Users/linaflorez/Desktop/ObsCos/COSMOS_research/Restart/FITS_FILES/150.38987345299998/cutout-HSC-Y-9813-pdr2_dud-200225-191954.fits,/Users/linaflorez/Desktop/ObsCos/COSMOS_research/Restart/FITS_FILES/150.38987345299998/cutout-HSC-Z-9813-pdr2_dud-200225-191946.fits
93,b'lid_3031 ',150.461251573,2.49354141531,0.591,16.02,9.0600006e-05,3.01e-05,1.55e-15,5.15e-16,3.01,166.77,14.25,5.27,-99.9,5.11e-05,-99.9,3.78e-16,-99.9,0.0,-99.0,-99.0,-99.0,15.19,6.9099995e-05,2.5399999e-05,2.11e-15,7.77e-16,2.72,165.61,10.76,4.65,0.31,0.17,0.85,150.461251573,2.4935414153099997,/Users/linaflorez/Desktop/ObsCos/COSMOS_research/Restart/FITS_FILES/150.461251573/cutout-HSC-G-9813-pdr2_dud-200225-192029.fits,/Users/linaflorez/Desktop/ObsCos/COSMOS_research/Restart/FITS_FILES/150.461251573/cutout-HSC-R-9813-pdr2_dud-200225-192037.fits,/Users/linaflorez/Desktop/ObsCos/COSMOS_research/Restart/FITS_FILES/150.461251573/cutout-HSC-I-9813-pdr2_dud-200225-192045.fits,/Users/linaflorez/Desktop/ObsCos/COSMOS_research/Restart/FITS_FILES/150.461251573/cutout-HSC-Y-9813-pdr2_dud-200225-192101.fits,/Users/linaflorez/Desktop/ObsCos/COSMOS_research/Restart/FITS_FILES/150.461251573/cutout-HSC-Z-9813-pdr2_dud-200225-192053.fits
94,b'lid_3427 ',149.669068324,2.1393012698,0.46,11.92,0.000116999996,3.64e-05,2e-15,6.2199996e-16,3.23,161.98,15.75,5.51,-99.9,0.00011,-99.9,8.1400004e-16,-99.9,0.0,-99.0,-99.0,-99.0,7.52,6.579999999999999e-05,2.7399999999999995e-05,2.0100000000000003e-15,8.380000299999999e-16,2.41,172.3,10.48,4.59,-99.0,0.29,-99.0,149.669068324,2.1393012698,/Users/linaflorez/Desktop/ObsCos/COSMOS_research/Restart/FITS_FILES/149.669068324/cutout-HSC-G-9813-pdr2_dud-200225-192139.fits,/Users/linaflorez/Desktop/ObsCos/COSMOS_research/Restart/FITS_FILES/149.669068324/cutout-HSC-R-9813-pdr2_dud-200225-192147.fits,/Users/linaflorez/Desktop/ObsCos/COSMOS_research/Restart/FITS_FILES/149.669068324/cutout-HSC-I-9813-pdr2_dud-200225-192156.fits,/Users/linaflorez/Desktop/ObsCos/COSMOS_research/Restart/FITS_FILES/149.669068324/cutout-HSC-Y-9813-pdr2_dud-200225-192214.fits,/Users/linaflorez/Desktop/ObsCos/COSMOS_research/Restart/FITS_FILES/149.669068324/cutout-HSC-Z-9813-pdr2_dud-200225-192205.fits
95,b'lid_3503 ',149.921281688,1.7909123794599997,0.444,29.44,0.000113,2.79e-05,1.9300000000000002e-15,4.77e-16,4.05,182.5,19.58,6.09,-99.9,5.44e-05,-99.9,4.03e-16,-99.9,0.0,-99.0,-99.0,-99.0,25.62,8.859999999999999e-05,2.3900002e-05,2.7100000000000006e-15,7.3099997000000015e-16,3.72,182.17,15.34,5.44,-99.0,-99.0,-0.15,149.921281688,1.7909123794599997,/Users/linaflorez/Desktop/ObsCos/COSMOS_research/Restart/FITS_FILES/149.921281688/cutout-HSC-G-9813-pdr2_dud-200225-192251.fits,/Users/linaflorez/Desktop/ObsCos/COSMOS_research/Restart/FITS_FILES/149.921281688/cutout-HSC-R-9813-pdr2_dud-200225-192258.fits,/Users/linaflorez/Desktop/ObsCos/COSMOS_research/Restart/FITS_FILES/149.921281688/cutout-HSC-I-9813-pdr2_dud-200225-192307.fits,/Users/linaflorez/Desktop/ObsCos/COSMOS_research/Restart/FITS_FILES/149.921281688/cutout-HSC-Y-9813-pdr2_dud-200225-192323.fits,/Users/linaflorez/Desktop/ObsCos/COSMOS_research/Restart/FITS_FILES/149.921281688/cutout-HSC-Z-9813-pdr2_dud-200225-192315.fits
96,b'lid_3770 ',150.439212948,1.9718354139900005,0.632,23.81,0.00023499998,4.8600003e-05,4.020000000000001e-15,8.3100004e-16,4.83,175.03,38.98,8.39,-99.9,0.00012699999,-99.9,9.4e-16,-99.9,0.0,-99.0,-99.0,-99.0,22.5,0.000195,4.36e-05,5.9699996e-15,1.3300000000000001e-15,4.47,176.25,36.27,8.11,0.53,0.34,0.76,150.439212948,1.9718354139900005,/Users/linaflorez/Desktop/ObsCos/COSMOS_research/Restart/FITS_FILES/150.439212948/cutout-HSC-G-9813-pdr2_dud-200225-192406.fits,/Users/linaflorez/Desktop/ObsCos/COSMOS_research/Restart/FITS_FILES/150.439212948/cutout-HSC-R-9813-pdr2_dud-200225-192414.fits,/Users/linaflorez/Desktop/ObsCos/COSMOS_research/Restart/FITS_FILES/150.439212948/cutout-HSC-I-9813-pdr2_dud-200225-192421.fits,/Users/linaflorez/Desktop/ObsCos/COSMOS_research/Restart/FITS_FILES/150.439212948/cutout-HSC-Y-9813-pdr2_dud-200225-192438.fits,/Users/linaflorez/Desktop/ObsCos/COSMOS_research/Restart/FITS_FILES/150.439212948/cutout-HSC-Z-9813-pdr2_dud-200225-192430.fits
97,b'lid_4036 ',150.42926409999995,2.55642105152,0.611,14.41,0.00020499999,4.63e-05,3.5100000000000002e-15,7.92e-16,4.44,192.45,37.42,8.23,-99.9,3.94e-05,-99.9,2.92e-16,-99.9,0.0,-99.0,-99.0,-99.0,-99.9,0.000162,-99.9,4.96e-15,-99.9,0.0,-99.0,-99.0,-99.0,-99.0,0.86,-99.0,150.42926409999995,2.55642105152,/Users/linaflorez/Desktop/ObsCos/COSMOS_research/Restart/FITS_FILES/150.42926409999995/cutout-HSC-G-9813-pdr2_dud-200225-192544.fits,/Users/linaflorez/Desktop/ObsCos/COSMOS_research/Restart/FITS_FILES/150.42926409999995/cutout-HSC-R-9813-pdr2_dud-200225-192552.fits,/Users/linaflorez/Desktop/ObsCos/COSMOS_research/Restart/FITS_FILES/150.42926409999995/cutout-HSC-I-9813-pdr2_dud-200225-192601.fits,/Users/linaflorez/Desktop/ObsCos/COSMOS_research/Restart/FITS_FILES/150.42926409999995/cutout-HSC-Y-9813-pdr2_dud-200225-192617.fits,/Users/linaflorez/Desktop/ObsCos/COSMOS_research/Restart/FITS_FILES/150.42926409999995/cutout-HSC-Z-9813-pdr2_dud-200225-192609.fits
98,b'lid_4039 ',150.452920881,2.55174771594,0.328,11.8,0.00015800001,4.44e-05,2.7e-15,7.59e-16,3.55,171.78,27.74,7.15,-99.9,0.00016,-99.9,1.1799999e-15,-99.9,0.0,-99.0,-99.0,-99.0,-99.9,0.00014099999999999998,-99.9,4.31e-15,-99.9,0.0,-99.0,-99.0,-99.0,-0.28,-0.53,0.1,150.452920881,2.55174771594,/Users/linaflorez/Desktop/ObsCos/COSMOS_research/Restart/FITS_FILES/150.452920881/cutout-HSC-G-9813-pdr2_dud-200225-192652.fits,/Users/linaflorez/Desktop/ObsCos/COSMOS_research/Restart/FITS_FILES/150.452920881/cutout-HSC-R-9813-pdr2_dud-200225-192659.fits,/Users/linaflorez/Desktop/ObsCos/COSMOS_research/Restart/FITS_FILES/150.452920881/cutout-HSC-I-9813-pdr2_dud-200225-192707.fits,/Users/linaflorez/Desktop/ObsCos/COSMOS_research/Restart/FITS_FILES/150.452920881/cutout-HSC-Y-9813-pdr2_dud-200225-192723.fits,/Users/linaflorez/Desktop/ObsCos/COSMOS_research/Restart/FITS_FILES/150.452920881/cutout-HSC-Z-9813-pdr2_dud-200225-192715.fits
100,b'lid_4431 ',149.86322387200002,2.55094370102,0.611,12.16,0.00013000000000000002,3.86e-05,2.2199999999999998e-15,6.599999700000002e-16,3.38,226.27,21.21,6.31,-99.9,6.8e-05,-99.9,5.030000299999999e-16,-99.9,0.0,-99.0,-99.0,-99.0,-99.9,0.000124,-99.9,3.79e-15,-99.9,0.0,-99.0,-99.0,-99.0,-99.0,0.41,-99.0,149.86322387200002,2.55094370102,/Users/linaflorez/Desktop/ObsCos/COSMOS_research/Restart/FITS_FILES/149.86322387200002/cutout-HSC-G-9813-pdr2_dud-200225-192949.fits,/Users/linaflorez/Desktop/ObsCos/COSMOS_research/Restart/FITS_FILES/149.86322387200002/cutout-HSC-R-9813-pdr2_dud-200225-192959.fits,/Users/linaflorez/Desktop/ObsCos/COSMOS_research/Restart/FITS_FILES/149.86322387200002/cutout-HSC-I-9813-pdr2_dud-200225-193014.fits,/Users/linaflorez/Desktop/ObsCos/COSMOS_research/Restart/FITS_FILES/149.86322387200002/cutout-HSC-Y-9813-pdr2_dud-200225-193031.fits,/Users/linaflorez/Desktop/ObsCos/COSMOS_research/Restart/FITS_FILES/149.86322387200002/cutout-HSC-Z-9813-pdr2_dud-200225-193022.fits
101,b'lid_4563 ',150.06928848799998,1.77998668648,1.453,11.96,0.000101,3.03e-05,1.7300000000000001e-15,5.179999999999998e-16,3.33,171.61,13.68,5.17,-99.9,9.26e-05,-99.9,6.85e-16,-99.9,0.0,-99.0,-99.0,-99.0,-99.9,9.1e-05,-99.9,2.7800000000000002e-15,-99.9,0.0,-99.0,-99.0,-99.0,-99.0,-99.0,-0.71,150.06928848799998,1.77998668648,/Users/linaflorez/Desktop/ObsCos/COSMOS_research/Restart/FITS_FILES/150.06928848799998/cutout-HSC-G-9813-pdr2_dud-200225-193107.fits,/Users/linaflorez/Desktop/ObsCos/COSMOS_research/Restart/FITS_FILES/150.06928848799998/cutout-HSC-R-9813-pdr2_dud-200225-193115.fits,/Users/linaflorez/Desktop/ObsCos/COSMOS_research/Restart/FITS_FILES/150.06928848799998/cutout-HSC-I-9813-pdr2_dud-200225-193123.fits,/Users/linaflorez/Desktop/ObsCos/COSMOS_research/Restart/FITS_FILES/150.06928848799998/cutout-HSC-Y-9813-pdr2_dud-200225-193138.fits,/Users/linaflorez/Desktop/ObsCos/COSMOS_research/Restart/FITS_FILES/150.06928848799998/cutout-HSC-Z-9813-pdr2_dud-200225-193130.fits
102,b'lid_4601 ',150.034276979,1.7208974305400002,0.359,12.1,0.000128,3.47e-05,2.1899999999999997e-15,5.93e-16,3.69,180.51,22.9,6.54,-99.9,0.000112,-99.9,8.29e-16,-99.9,0.0,-99.0,-99.0,-99.0,-99.9,0.00013500001,-99.9,4.13e-15,-99.9,0.0,-99.0,-99.0,-99.0,-99.0,-99.0,-0.8,150.034276979,1.7208974305400002,/Users/linaflorez/Desktop/ObsCos/COSMOS_research/Restart/FITS_FILES/150.034276979/cutout-HSC-G-9813-pdr2_dud-200225-193215.fits,/Users/linaflorez/Desktop/ObsCos/COSMOS_research/Restart/FITS_FILES/150.034276979/cutout-HSC-R-9813-pdr2_dud-200225-193223.fits,/Users/linaflorez/Desktop/ObsCos/COSMOS_research/Restart/FITS_FILES/150.034276979/cutout-HSC-I-9813-pdr2_dud-200225-193232.fits,/Users/linaflorez/Desktop/ObsCos/COSMOS_research/Restart/FITS_FILES/150.034276979/cutout-HSC-Y-9813-pdr2_dud-200225-193248.fits,/Users/linaflorez/Desktop/ObsCos/COSMOS_research/Restart/FITS_FILES/150.034276979/cutout-HSC-Z-9813-pdr2_dud-200225-193240.fits
103,b'lid_4627 ',149.982753011,1.83821201503,0.407,11.84,0.000129,3.68e-05,2.21e-15,6.29e-16,3.49,201.24,20.02,6.15,-99.9,7.26e-05,-99.9,5.37e-16,-99.9,0.0,-99.0,-99.0,-99.0,-99.9,0.000115999996,-99.9,3.55e-15,-99.9,0.0,-99.0,-99.0,-99.0,0.04,-0.31,0.67,149.982753011,1.8382120150299999,/Users/linaflorez/Desktop/ObsCos/COSMOS_research/Restart/FITS_FILES/149.982753011/cutout-HSC-G-9813-pdr2_dud-200225-193321.fits,/Users/linaflorez/Desktop/ObsCos/COSMOS_research/Restart/FITS_FILES/149.982753011/cutout-HSC-R-9813-pdr2_dud-200225-193328.fits,/Users/linaflorez/Desktop/ObsCos/COSMOS_research/Restart/FITS_FILES/149.982753011/cutout-HSC-I-9813-pdr2_dud-200225-193336.fits,/Users/linaflorez/Desktop/ObsCos/COSMOS_research/Restart/FITS_FILES/149.982753011/cutout-HSC-Y-9813-pdr2_dud-200225-193352.fits,/Users/linaflorez/Desktop/ObsCos/COSMOS_research/Restart/FITS_FILES/149.982753011/cutout-HSC-Z-9813-pdr2_dud-200225-193344.fits
105,b'lid_6131 ',149.904409842,1.86897826734,0.611,-99.9,0.00017,-99.9,2.9100001000000007e-15,-99.9,0.0,-99.0,-99.0,-99.0,-99.9,8.7299995e-05,-99.9,6.46e-16,-99.9,0.0,-99.0,-99.0,-99.0,14.73,0.00014199999,3.86e-05,4.35e-15,1.1799999e-15,3.67,213.27,23.55,6.63,-99.0,-99.0,-0.22,149.904409842,1.8689782673400002,/Users/linaflorez/Desktop/ObsCos/COSMOS_research/Restart/FITS_FILES/149.904409842/cutout-HSC-G-9813-pdr2_dud-200225-193539.fits,/Users/linaflorez/Desktop/ObsCos/COSMOS_research/Restart/FITS_FILES/149.904409842/cutout-HSC-R-9813-pdr2_dud-200225-193547.fits,/Users/linaflorez/Desktop/ObsCos/COSMOS_research/Restart/FITS_FILES/149.904409842/cutout-HSC-I-9813-pdr2_dud-200225-193555.fits,/Users/linaflorez/Desktop/ObsCos/COSMOS_research/Restart/FITS_FILES/149.904409842/cutout-HSC-Y-9813-pdr2_dud-200225-193612.fits,/Users/linaflorez/Desktop/ObsCos/COSMOS_research/Restart/FITS_FILES/149.904409842/cutout-HSC-Z-9813-pdr2_dud-200225-193604.fits
